<?xml version="1.0" encoding="UTF-8"?>
<addon id="plugin.video.comedycentral" version="1.0.2" name="[COLOR red]Comedy Central[/COLOR]" provider-name="EmuZONE">
    <requires>
        <import addon="xbmc.python" version="2.25.0"/>
        <import addon="script.module.simplecache" version="1.0.0"/>
        <import addon="script.module.youtube.dl" version="17.0.0"/>
    </requires>
    <extension point="xbmc.python.pluginsource" library="default.py">
        <provides>video</provides>
    </extension>
    <extension point="xbmc.addon.metadata">
        <summary lang="de_DE">Verpasse keine Episode oder TV-Show von Comedy Central.</summary>
        <description lang="en_GB">Verfolge die Abenteuer der total beklopten New Kids oder erkundige dich was gerade in South Park los ist.</description>
        <platform>all</platform>
        <license>GNU GENERAL PUBLIC LICENSE. Version 3, June 2007</license>
        <source>https://github.com/emuzone/repo/master/plugin.video.comedycentral</source>
        <website>http://www.cc.com/</website>
        <news>v1.0.1[CR]-Added Featured Shows and Increased content size to include All Shows.</news>
        <forum>https://forum.kodi.tv/showthread.php?tid=326986</forum>
        <assets>
            <icon>resources/images/icon.png</icon>
            <fanart>resources/images/fanart.jpg</fanart>
            <screenshot>resources/images/screenshot01.png</screenshot>
            <screenshot>resources/images/screenshot02.png</screenshot>
            <screenshot>resources/images/screenshot03.png</screenshot>
            <screenshot>resources/images/screenshot04.png</screenshot>
        </assets>
    </extension>
</addon>
