<?xml version="1.0" encoding="UTF-8" standalone="yes"?>
<addon id="script.speedtestnet"
       name="Cypher Speed Tester"
       version="0.0.3"
       provider-name="Cypher / Josh.5">
  <requires>
    <import addon="xbmc.python" version="2.1.0"/>
  </requires>
  <extension point="xbmc.python.script"
             library="default.py">
        <provides>executable</provides>
  </extension>
  <extension point="xbmc.addon.metadata">
    <summary lang="en">Cypher Speed Tester</summary>
    <description lang="en">Cypher Speed Tester powered by speedtest.net will give you accurate Internet speed/ping test results. \n Brought to you by Cypher Media</description>
    <platform>all</platform>
  </extension>
</addon>
