<?xml version="1.0" encoding="UTF-8" standalone="yes"?>
<addon id="plugin.video.dokumonster" name="Dokumonster.de" version="0.1.3" provider-name="mdmdmdmdmd">
    <requires>
        <import addon="xbmc.python" version="2.1.0"/>
        <import addon="script.module.simplejson" version="2.0.10"/>
        <import addon="script.module.xbmcswift2" version="1.2.0"/>
		<import addon="script.module.beautifulsoup4" version="4.3.1"/>
        <import addon="script.module.requests" version="2.7.0"/>
    </requires>
    <extension point="xbmc.python.pluginsource" library="addon.py">
        <provides>video</provides>
    </extension>
    <extension point="xbmc.addon.metadata">
        <language>en de</language>
        <platform>all</platform>
        <website>http://dokumonster.de/</website>
        <source>https://github.com/mdmdmdmdmd/plugin.video.dokumonster</source>
        <forum></forum>
        <email></email>
        <license>GNU GENERAL PUBLIC LICENSE. Version 2, June 1991</license>
        <summary lang="de">Deutsche Dokus</summary>
        <summary lang="en">German Documentaries</summary>
        <description lang="de">Dein Online Doku Stream Archiv. Die besten deutschen Dokumentationen einfach online anschauen. Tägliche Updates!</description>
        <description lang="en">German online documentary stream archive. The best german documentaries online. Daily updates!</description>
    </extension>
</addon>
