<?xml version="1.0" encoding="UTF-8" standalone="yes"?>
<addon id="plugin.video.9anime.cypher"
       name="Cypher 9Anime"
       version="0.0.1"
       provider-name="Cypher">
  <requires>
    <import addon="xbmc.python" version="2.1.0"/>
    <import addon="script.module.requests" version="2.12.4"/>
    <import addon="script.common.plugin.cache" version="2.5.5"/>
  </requires>
  <extension point="xbmc.python.pluginsource"
            library="default.py">
        <provides>video</provides>
  </extension>
  <extension point="xbmc.addon.metadata">
    <summary lang="en">9Anime video plugin</summary>
    <description lang="en">9anime is HD source for almost all animes</description>
    <source></source>
    <platform>all</platform>
  </extension>
</addon>
