<?xml version="1.0" encoding="UTF-8" standalone="yes"?>
<addon id="plugin.audio.skeptics" name="The Skeptics Guide to the Universe" version="1.0.0" provider-name="Damon Toumbourou">
  <requires>
    <import addon="xbmc.python"                   version="2.20.0"/>
    <import addon="script.module.xbmcswift2"      version="2.4.0"/>
    <import addon="script.module.beautifulsoup4"  version="4.3.1"/>
    <import addon="script.module.requests"        version="1.1.0"/>
    <import addon="script.module.pyxbmct"         version="1.1.4"/>
  </requires>
  <extension point="xbmc.python.pluginsource" library="addon.py">
    <provides>audio</provides>
  </extension>
  <extension point="xbmc.addon.metadata">
    <platform>all</platform>
    <language></language>
    <summary lang="en_GB">The Skeptics Guide to the Universe... Science, Skepticism, Geekdom.
    </summary>
    <description lang="en_GB">The Skeptics’ Guide to the Universe is produced by SGU Productions, LLC – dedicated to promoting critical thinking, reason, and the public understanding of science through online and other media. The first episode of the SGU podcast went online on May 4th, 2005. It soon became a popular science/skeptical podcast, and remains one of the most popular science podcasts on iTunes.
    </description>
    <license>The MIT License (MIT)</license>
    <forum>http://forum.xbmc.org/showthread.php?tid=184904</forum>
    <email>dtoumbourou@gmail.com</email>
    <source>https://github.com/DamonToumbourou/plugin.audio.skeptics.git</source>
    <website></website>
  </extension>
</addon>
