<?xml version="1.0" encoding="utf-8"?>
<window id="1156">
	<defaultcontrol>999</defaultcontrol>
	<controls>
		<include>background</include>
		<include>fake-overlay</include>
		<control type="label">
			<!-- TV Window Label -->
			<left>1170</left>
			<top>30</top>
			<width>465</width>
			<height>45</height>
			<label>$LOCALIZE[19020]</label>
			<font>apptv30</font>
			<visible>String.IsEqual(Window(home).Property(PVRType),tv)</visible>
		</control>
		<control type="label">
			<!-- Radio Window Label -->
			<left>1170</left>
			<top>30</top>
			<width>465</width>
			<height>45</height>
			<label>$LOCALIZE[19021]</label>
			<font>apptv30</font>
			<visible>String.IsEqual(Window(home).Property(PVRType),radio)</visible>
		</control>
		<control type="list" id="999">
			<viewtype label="31941">list</viewtype>
			<left>1017</left>
			<top>174</top>
			<width>840</width>
			<height>825</height>
			<onup>999</onup>
			<ondown>999</ondown>
			<onback>ClearProperty(PVRType,home)</onback>
			<onback>ReplaceWindow(home)</onback>
			<preloaditems>4</preloaditems>
			<pagecontrol></pagecontrol>
			<itemlayout width="840" height="84">
				<control type="image">
					<left>0</left>
					<top>0</top>
					<width>840</width>
					<height>84</height>
					<texture border="9">button-default.png</texture>
					<aspectratio>stretch</aspectratio>
				</control>
				<control type="label">
					<left>80</left>
					<top>8</top>
					<width>798</width>
					<height>39</height>
					<font>apptv23</font>
					<textoffsety>6</textoffsety>
					<aligny>top</aligny>
					<label>$INFO[ListItem.Label]</label>
				</control>
			</itemlayout>
			<focusedlayout width="840" height="84">
				<control type="image">
					<left>0</left>
					<top>0</top>
					<width>840</width>
					<height>84</height>
					<texture border="9">button-default-focus.png</texture>
					<aspectratio>stretch</aspectratio>
				</control>
				<control type="label">
					<left>80</left>
					<top>8</top>
					<width>798</width>
					<height>39</height>
					<font>apptv23</font>
					<textoffsety>6</textoffsety>
					<aligny>top</aligny>
					<label>$INFO[ListItem.Label]</label>
				</control>
			</focusedlayout>
			<content>
			<!-- setup $VAR for icons to switch between TV and Radio icons -->
				<item>
					<!-- Return to Home -->
					<icon>DefaultFolderBack.png</icon>
					<label>..</label>
					<onclick>ClearProperty(PVRType,home)</onclick>
					<onclick>ReplaceWindow(home)</onclick>
					<visible>$EXP[isEnabledParentDirectory]</visible>
				</item>
				<item>
					<!-- PVR Play -->
					<icon>icon-play.png</icon>
					<label>$LOCALIZE[31703]</label>
					<onclick condition="String.IsEqual(Window(home).Property(PVRType),tv)">PlayPvrTV</onclick>
					<onclick condition="String.IsEqual(Window(home).Property(PVRType),radio)">PlayPvrRadio</onclick>
				</item>
				<item>
					<!-- PVR Channels -->
					<icon>icon-remote.png</icon>
					<label>$LOCALIZE[19019]</label>
					<onclick condition="String.IsEqual(Window(home).Property(PVRType),tv)">ActivateWindow(tvchannels)</onclick>
					<onclick condition="String.IsEqual(Window(home).Property(PVRType),radio)">ActivateWindow(radiochannels)</onclick>
				</item>
				<item>
					<!-- PVR Guide -->
					<icon>icon-epg.png</icon>
					<label>$LOCALIZE[22020]</label>
					<onclick condition="String.IsEqual(Window(home).Property(PVRType),tv)">ActivateWindow(tvguide)</onclick>
					<onclick condition="String.IsEqual(Window(home).Property(PVRType),radio)">ActivateWindow(radioguide)</onclick>
				</item>
				<item>
					<!-- PVR Recordings -->
					<icon>icon-record.png</icon>
					<label>$LOCALIZE[19163]</label>
					<onclick condition="String.IsEqual(Window(home).Property(PVRType),tv)">ActivateWindow(tvrecordings)</onclick>
					<onclick condition="String.IsEqual(Window(home).Property(PVRType),radio)">ActivateWindow(radiorecordings)</onclick>
				</item>
				<item>
					<!-- PVR Timers -->
					<icon>icon-timer.png</icon>
					<label>$LOCALIZE[19040]</label>
					<onclick condition="String.IsEqual(Window(home).Property(PVRType),tv)">ActivateWindow(tvtimers)</onclick>
					<onclick condition="String.IsEqual(Window(home).Property(PVRType),radio)">ActivateWindow(radiotimers)</onclick>
				</item>
				<item>
					<!-- PVR Search -->
					<icon>icon-search.png</icon>
					<label>$LOCALIZE[137]</label>
					<onclick condition="String.IsEqual(Window(home).Property(PVRType),tv)">ActivateWindow(tvsearch)</onclick>
					<onclick condition="String.IsEqual(Window(home).Property(PVRType),radio)">ActivateWindow(radiosearch)</onclick>
				</item>
			</content>
		</control>
		<control type="group">
			<control type="group">
				<control type="image">
					<!-- list item icon -->
					<left>150</left>
					<top>256</top>
					<width>512</width>
					<height>512</height>
					<texture background="true" fallback="DefaultAddon.png" diffuse="mask-squ.png">$INFO[Container(999).Listitem.ActualIcon]</texture>
					<aspectratio scalediffuse="false">keep</aspectratio>
				</control>
			</control>
		</control>
	</controls>
</window>