<?xml version="1.0" encoding="utf-8"?>
<window type="dialog" id="1154">
	<onunload>ClearProperty(SelectDialogType,home)</onunload>
	<defaultcontrol always="true">999</defaultcontrol>
	<include>window-openclose</include>
	<coordinates>
		<left>0</left>
		<top>0</top>
	</coordinates>
	<controls>
		<control type="group">
			<visible>!Window.IsVisible(selectdialog) + !Window.IsVisible(filebrowser) + !Window.IsVisible(Custom_HomeMenuItems.xml)</visible>
			<include>fadebackground</include>
		</control>
		<control type="group">
			<visible>String.IsEqual(Window(home).Property(SelectDialogType),selectskinplaylist) | String.IsEqual(Window(home).Property(SelectDialogType),selectuserplaylist)</visible>
			<control type="image">
				<!-- Dialog background image -->
				<left>135</left>
				<top>144</top>
				<width>1656</width>
				<height>795</height>
				<texture border="14">button-menu-background.png</texture>
			</control>
			<control type="grouplist">
				<left>153</left>
				<top>162</top>
				<width>1620</width>
				<height>56</height>
				<align>center</align>
				<aligny>center</aligny>
				<orientation>horizontal</orientation>
				<control type="label">
					<!-- Dialog heading -->
					<width max="1476">auto</width>
					<height>56</height>
					<label>$LOCALIZE[1033]</label>
					<wrapmultiline>true</wrapmultiline>
					<aligny>top</aligny>
					<font>apptv25</font>
				</control>
				<control type="label">
					<!-- Number of Kodi playlist types -->
					<width max="144">auto</width>
					<height>56</height>
					<label>(3)</label>
					<aligny>top</aligny>
					<font>apptv25</font>
					<visible>String.IsEqual(Window(home).Property(SelectDialogType),selectuserplaylist)</visible>
				</control>
				<control type="label">
					<!-- Number of skin playlist types -->
					<width max="144">auto</width>
					<height>56</height>
					<label>(2)</label>
					<aligny>top</aligny>
					<font>apptv25</font>
					<visible>String.IsEqual(Window(home).Property(SelectDialogType),selectskinplaylist)</visible>
				</control>
			</control>
			<control type="image">
				<left>153</left>
				<top>218</top>
				<width>1620</width>
				<height>6</height>
				<texture>separator.png</texture>
			</control>
			<control type="button" id="999">
				<!-- Fake back listitem -->
				<left>204</left>
				<top>237</top>
				<width>1026</width>
				<height>69</height>
				<font>apptv23</font>
				<label>..</label>
				<onright>993</onright>
				<onup condition="String.IsEqual(Window(home).Property(SelectDialogType),selectskinplaylist)">997</onup>
				<onup condition="String.IsEqual(Window(home).Property(SelectDialogType),selectuserplaylist)">994</onup>
				<ondown condition="String.IsEqual(Window(home).Property(SelectDialogType),selectskinplaylist)">998</ondown>
				<ondown condition="String.IsEqual(Window(home).Property(SelectDialogType),selectuserplaylist)">996</ondown>
				<onclick>Dialog.Close(1154)</onclick>
			</control>
			<control type="button" id="998">
				<!-- Fake skin music listitem -->
				<left>204</left>
				<top>306</top>
				<width>1026</width>
				<height>69</height>
				<font>apptv23</font>
				<label>$LOCALIZE[36914]</label>
				<onright>993</onright>
				<onup>999</onup>
				<ondown>997</ondown>
				<onclick>Skin.SetFile($INFO[Window(settings).Property(ListCustomBase),,.List],.xsp|.m3u,special://skin/extras/playlists/music)</onclick>
				<onclick condition="String.Contains(Window(settings).Property(CurrentPAction),$LOCALIZE[14098])">Skin.SetString($INFO[Window(settings).Property(ListCustomBase),,.Path],$VAR[CustomPlaylistPlay])</onclick>
				<onclick condition="!String.Contains(Window(settings).Property(CurrentPAction),$LOCALIZE[14098])">Skin.SetString($INFO[Window(settings).Property(ListCustomBase),,.Path],$VAR[CustomPlaylistMusic])</onclick>
				<onclick>Dialog.Close(1154)</onclick>
				<visible>String.IsEqual(Window(home).Property(SelectDialogType),selectskinplaylist)</visible>
			</control>
			<control type="button" id="997">
				<!-- Fake skin video listitem -->
				<left>204</left>
				<top>372</top>
				<width>1026</width>
				<height>69</height>
				<font>apptv23</font>
				<label>$LOCALIZE[36912]</label>
				<onright>993</onright>
				<onup>998</onup>
				<ondown>999</ondown>
				<onclick>Skin.SetFile($INFO[Window(settings).Property(ListCustomBase),,.List],.xsp|.m3u,special://skin/extras/playlists/video)</onclick>
				<onclick condition="String.Contains(Window(settings).Property(CurrentPAction),$LOCALIZE[14098])">Skin.SetString($INFO[Window(settings).Property(ListCustomBase),,.Path],$VAR[CustomPlaylistPlay])</onclick>
				<onclick condition="!String.Contains(Window(settings).Property(CurrentPAction),$LOCALIZE[14098])">Skin.SetString($INFO[Window(settings).Property(ListCustomBase),,.Path],$VAR[CustomPlaylistVideo])</onclick>
				<onclick>Dialog.Close(1154)</onclick>
				<visible>String.IsEqual(Window(home).Property(SelectDialogType),selectskinplaylist)</visible>
			</control>
			<control type="button" id="996">
				<!-- Fake User mixed listitem -->
				<left>204</left>
				<top>306</top>
				<width>1026</width>
				<height>69</height>
				<font>apptv23</font>
				<label>$LOCALIZE[20395]</label>
				<onright>993</onright>
				<onup>999</onup>
				<ondown>995</ondown>
				<onclick>Skin.SetFile($INFO[Window(settings).Property(ListCustomBase),,.List],.xsp|.m3u,special://videoplaylists/)</onclick>
				<onclick condition="String.Contains(Window(settings).Property(CurrentPAction),$LOCALIZE[14098])">Skin.SetString($INFO[Window(settings).Property(ListCustomBase),,.Path],$VAR[CustomPlaylistPlay])</onclick>
				<onclick condition="!String.Contains(Window(settings).Property(CurrentPAction),$LOCALIZE[14098])">Skin.SetString($INFO[Window(settings).Property(ListCustomBase),,.Path],$VAR[CustomPlaylistMusic])</onclick>
				<onclick>Dialog.Close(1154)</onclick>
				<visible>String.IsEqual(Window(home).Property(SelectDialogType),selectuserplaylist)</visible>
			</control>
			<control type="button" id="995">
				<!-- Fake User music listitem -->
				<left>204</left>
				<top>372</top>
				<width>1026</width>
				<height>69</height>
				<font>apptv23</font>
				<label>$LOCALIZE[36914]</label>
				<onright>993</onright>
				<onup>996</onup>
				<ondown>994</ondown>
				<onclick>Skin.SetFile($INFO[Window(settings).Property(ListCustomBase),,.List],.xsp|.m3u,special://musicplaylists/)</onclick>
				<onclick condition="String.Contains(Window(settings).Property(CurrentPAction),$LOCALIZE[14098])">Skin.SetString($INFO[Window(settings).Property(ListCustomBase),,.Path],$VAR[CustomPlaylistPlay])</onclick>
				<onclick condition="!String.Contains(Window(settings).Property(CurrentPAction),$LOCALIZE[14098])">Skin.SetString($INFO[Window(settings).Property(ListCustomBase),,.Path],$VAR[CustomPlaylistMusic])</onclick>
				<onclick>Dialog.Close(1154)</onclick>
				<visible>String.IsEqual(Window(home).Property(SelectDialogType),selectuserplaylist)</visible>
			</control>
			<control type="button" id="994">
				<!-- Fake User video listitem -->
				<left>204</left>
				<top>441</top>
				<width>1026</width>
				<height>69</height>
				<font>apptv23</font>
				<label>$LOCALIZE[36912]</label>
				<onright>993</onright>
				<onup>995</onup>
				<ondown>999</ondown>
				<onclick>Skin.SetFile($INFO[Window(settings).Property(ListCustomBase),,.List],.xsp|.m3u,special://videoplaylists/)</onclick>
				<onclick condition="String.Contains(Window(settings).Property(CurrentPAction),$LOCALIZE[14098])">Skin.SetString($INFO[Window(settings).Property(ListCustomBase),,.Path],$VAR[CustomPlaylistPlay])</onclick>
				<onclick condition="!String.Contains(Window(settings).Property(CurrentPAction),$LOCALIZE[14098])">Skin.SetString($INFO[Window(settings).Property(ListCustomBase),,.Path],$VAR[CustomPlaylistVideo])</onclick>
				<onclick>Dialog.Close(1154)</onclick>
				<visible>String.IsEqual(Window(home).Property(SelectDialogType),selectuserplaylist)</visible>
			</control>
			<control type="label">
				<!-- Fake OK button -->
				<left>1314</left>
				<top>228</top>
				<width>384</width>
				<height>84</height>
				<font>apptv23</font>
				<label>$LOCALIZE[186]</label>
				<textcolor>disabled-text</textcolor>
				<align>center</align>
			</control>
			<control type="button" id="993">
				<!-- Fake Cancel button -->
				<left>1314</left>
				<top>312</top>
				<width>384</width>
				<height>84</height>
				<font>apptv23</font>
				<label>$LOCALIZE[222]</label>
				<align>center</align>
				<onleft>999</onleft>
				<onclick>Dialog.Close(1154)</onclick>
			</control>
			<control type="image">
				<left>1314</left>
				<top>444</top>
				<height>384</height>
				<width>384</width>
				<texture>DefaultFolder.png</texture>
				<aspectratio aligny="top">keep</aspectratio>
				<visible>!Control.HasFocus(999) + !Control.HasFocus(993)</visible>
			</control>
			<control type="image">
				<left>1314</left>
				<top>444</top>
				<height>384</height>
				<width>384</width>
				<texture>DefaultFolderBack.png</texture>
				<aspectratio aligny="top">keep</aspectratio>
				<visible>Control.HasFocus(999) | Control.HasFocus(993)</visible>
			</control>
		</control>
		<control type="group">
			<visible>String.IsEqual(Window(home).Property(SelectDialogType),videoinfomore) | String.IsEqual(Window(home).Property(SelectDialogType),musicinfomore)</visible>
			<left>506</left>
			<top>330</top>
			<control type="image">
				<!-- Dialog background -->
				<left>0</left>
				<top>0</top>
				<width>906</width>
				<height>495</height>
				<texture border="14">button-menu-background.png</texture>
			</control>
			<control type="label">
				<!-- Dialog heading -->
				<left>38</left>
				<top>18</top>
				<width>831</width>
				<height>45</height>
				<align>center</align>
				<label>$VAR[CustomDialogSelectHeading]</label>
				<font>apptv25</font>
				<include condition="Skin.HasSetting(text-autoscroll)">scrolltext</include>
			</control>
			<control type="button">
				<!-- Touch Close button -->
				<left>873</left>
				<top>-15</top>
				<width>48</width>
				<height>48</height>
				<texturefocus>touch-close.png</texturefocus>
				<texturenofocus>touch-close.png</texturenofocus>
				<onclick>Dialog.Close(1154)</onclick>
				<visible>$EXP[isEnabledTouch]</visible>
			</control>
			<control type="image">
				<left>38</left>
				<top>72</top>
				<width>831</width>
				<height>6</height>
				<texture>separator.png</texture>
			</control>
			<control type="list" id="999">
				<left>38</left>
				<top>90</top>
				<width>831</width>
				<height>375</height>
				<viewtype label="536">list</viewtype>
				<onright>998</onright>
				<onleft>998</onleft>
				<itemlayout height="75">
					<control type="image">
						<left>0</left>
						<top>0</top>
						<width>831</width>
						<height>75</height>
						<texture border="9">button-default.png</texture>
					</control>
					<control type="label">
						<left>30</left>
						<top>0</top>
						<width>771</width>
						<height>75</height>
						<label>$INFO[ListItem.Label]</label>
						<font>apptv22</font>
					</control>
				</itemlayout>
				<focusedlayout height="75">
					<control type="image">
						<left>0</left>
						<top>0</top>
						<width>831</width>
						<height>75</height>
						<texture border="9">button-default-focus.png</texture>
						<visible>Control.HasFocus(999)</visible>
					</control>
					<control type="label">
						<left>30</left>
						<top>0</top>
						<width>771</width>
						<height>75</height>
						<label>$INFO[ListItem.Label]</label>
						<font>apptv22</font>
					</control>
				</focusedlayout>
				<content>
					<!-- More Video Info options -->
					<item>
						<label>$LOCALIZE[31680]</label>
						<onclick>Dialog.Close(1154)</onclick>
						<onclick>SendClick(movieinformation,10)</onclick>
						<visible>String.IsEqual(Window(home).Property(SelectDialogType),videoinfomore)</visible>
					</item>
					<item>
						<label>$LOCALIZE[38023]</label>
						<onclick>Dialog.Close(1154)</onclick>
						<onclick>SendClick(movieinformation,7)</onclick>
						<visible>String.IsEqual(Window(home).Property(SelectDialogType),videoinfomore)</visible>
					</item>
					<item>
						<label>$LOCALIZE[31689]</label>
						<onclick>Dialog.Close(1154)</onclick>
						<onclick>RunScript(script.libraryeditor,DBID=$INFO[ListItem.DBID])</onclick>
						<visible>String.IsEqual(Window(home).Property(SelectDialogType),videoinfomore) + System.HasAddon(script.libraryeditor) + $EXP[isnotEmptyDBID]</visible>
					</item>
					<!-- More Music Info options -->
					<item>
						<label>$LOCALIZE[13405]</label>
						<onclick>Dialog.Close(1154)</onclick>
						<onclick>SendClick(musicinformation,10)</onclick>
						<visible>String.IsEqual(Window(home).Property(SelectDialogType),musicinfomore) + Window.IsActive(musicinformation)</visible>
					</item>
					<item>
						<label>$LOCALIZE[13405]</label>
						<onclick>Dialog.Close(1154)</onclick>
						<onclick>SendClick(songinformation,13)</onclick>
						<visible>String.IsEqual(Window(home).Property(SelectDialogType),musicinfomore) + Window.IsActive(songinformation)</visible>
					</item>
					<item>
						<label>$LOCALIZE[20413]</label>
						<onclick>Dialog.Close(1154)</onclick>
						<onclick>SendClick(musicinformation,12)</onclick>
						<visible>String.IsEqual(Window(home).Property(SelectDialogType),musicinfomore) + Window.IsActive(musicinformation)</visible>
					</item>
					<item>
						<label>$ADDON[script.cdartmanager 32042]</label>
						<onclick>Dialog.Close(1154)</onclick>
						<onclick>RunScript(script.cdartmanager)</onclick>
						<visible>String.IsEqual(Window(home).Property(SelectDialogType),musicinfomore) + System.HasAddon(script.cdartmanager)</visible>
					</item>
					<item>
						<label>$LOCALIZE[31689]</label>
						<onclick>Dialog.Close(1154)</onclick>
						<onclick>RunScript(script.libraryeditor,DBID=$INFO[ListItem.DBID])</onclick>
						<visible>String.IsEqual(Window(home).Property(SelectDialogType),musicinfomore) + System.HasAddon(script.libraryeditor) + $EXP[isnotEmptyDBID]</visible>
					</item>
				</content>
			</control>
		</control>
	</controls>
</window>