<?xml version="1.0" encoding="utf-8"?>
<!-- Replace for TVTunes script using skin files only -->
<!-- Thanks to Kodi forum user manfeed -->
<window type="dialog" id="1158">
	<onload>Stop</onload>
	<onload>ClearProperty(PlayingOST,home)</onload>
	<visible>Skin.HasSetting(media-theme) + [String.Contains(Player.Filenameandpath,theme.mp3) | String.Contains(Player.Filenameandpath,theme.flac)] + [!Window.IsActive(videos) | String.IsEmpty(ListItem.Path) | ListItem.IsCollection]</visible>
	<controls></controls>
</window>