<?xml version="1.0" encoding="utf-8"?>
<window type="dialog" id="1150">
	<zorder>2</zorder>
	<visible>!Window.IsVisible(startup)</visible>
	<controls>
		<control type="image">
			<!-- Kodi has been asked to quit/restart, fade screen down to show that something is happening -->
			<animation effect="fade" delay="5000" start="0" end="100" time="1000" condition="true">Conditional</animation>
			<include>fullscreenimage</include>
			<texture colordiffuse="mask-background">background-mask.png</texture>
			<aspectratio>scale</aspectratio>
			<visible>!String.IsEmpty(Window(home).Property(ShutdownKodi))</visible>
		</control>
		<control type="image">
			<!-- Global debug grid -->
			<visible>Skin.HasSetting(debug-grid)</visible>
			<include>fullscreenimage</include>
			<texture>debug-grid1080.png</texture>
		</control>
		<control type="group">
			<!-- Window/Dialog debug -->
			<visible>Skin.HasSetting(debug-info)</visible>
			<control type="grouplist">
				<left>22</left>
				<top>22</top>
				<width>930</width>
				<height>675</height>
				<itemgap>18</itemgap>
				<!-- Custom Window labels -->
				<control type="label">
					<include>overlay-label</include>
					<textcolor>info-text</textcolor>
					<label>Custom_3DDialogSelect.xml</label>
					<visible>Window.IsVisible(Custom_3DDialogSelect.xml)</visible>
				</control>
				<control type="label">
					<include>overlay-label</include>
					<textcolor>info-text</textcolor>
					<label>Custom_AddonsList.xml</label>
					<visible>Window.IsVisible(Custom_AddonsList.xml)</visible>
				</control>
				<control type="label">
					<include>overlay-label</include>
					<textcolor>info-text</textcolor>
					<label>Custom_DialogSelect.xml</label>
					<visible>Window.IsVisible(Custom_DialogSelect.xml)</visible>
				</control>
				<control type="label">
					<include>overlay-label</include>
					<textcolor>info-text</textcolor>
					<label>Custom_HomeCustomise.xml</label>
					<visible>Window.IsVisible(Custom_HomeCustomise.xml)</visible>
				</control>
				<control type="label">
					<include>overlay-label</include>
					<textcolor>info-text</textcolor>
					<label>Custom_HomeMenuItems.xml</label>
					<visible>Window.IsVisible(Custom_HomeMenuItems.xml)</visible>
				</control>
				<control type="label">
					<include>overlay-label</include>
					<textcolor>info-text</textcolor>
					<label>Custom_PVRRootList.xml</label>
					<visible>Window.IsVisible(Custom_PVRRootList.xml)</visible>
				</control>
				<control type="label">
					<include>overlay-label</include>
					<textcolor>info-text</textcolor>
					<label>Custom_RidSoundtrack.xml</label>
					<visible>Window.IsVisible(Custom_RidSoundtrack.xml)</visible>
				</control>
				<control type="label">
					<include>overlay-label</include>
					<textcolor>info-text</textcolor>
					<label>Custom_StartSoundtrack.xml</label>
					<visible>Window.IsVisible(Custom_StartSoundtrack.xml)</visible>
				</control>
				<control type="label">
					<include>overlay-label</include>
					<textcolor>info-text</textcolor>
					<label>Custom_StopSoundtrack.xml</label>
					<visible>Window.IsVisible(Custom_StopSoundtrack.xml)</visible>
				</control>
				<!-- Window labels -->
				<control type="label">
					<include>overlay-label</include>
					<textcolor>info-text</textcolor>
					<label>AddonBrowser.xml</label>
					<visible>Window.IsVisible(AddonBrowser.xml)</visible>
				</control>
				<control type="label">
					<include>overlay-label</include>
					<textcolor>kai-text</textcolor>
					<label>EventLog.xml</label>
					<visible>Window.IsVisible(EventLog.xml)</visible>
				</control>
				<control type="label">
					<include>overlay-label</include>
					<textcolor>info-text</textcolor>
					<label>FileBrowser.xml</label>
					<visible>Window.IsVisible(FileBrowser.xml)</visible>
				</control>
				<control type="label">
					<include>overlay-label</include>
					<textcolor>info-text</textcolor>
					<label>FileManager.xml</label>
					<visible>Window.IsVisible(FileManager.xml)</visible>
				</control>
				<control type="label">
					<include>overlay-label</include>
					<textcolor>info-text</textcolor>
					<label>Home.xml</label>
					<visible>Window.IsVisible(Home.xml)</visible>
				</control>
				<control type="label">
					<include>overlay-label</include>
					<textcolor>info-text</textcolor>
					<label>LoginScreen.xml</label>
					<visible>Window.IsVisible(LoginScreen.xml)</visible>
				</control>
				<control type="label">
					<include>overlay-label</include>
					<textcolor>info-text</textcolor>
					<label>MusicVisualisation.xml</label>
					<visible>Window.IsVisible(MusicVisualisation.xml)</visible>
				</control>
				<control type="label">
					<include>overlay-label</include>
					<textcolor>info-text</textcolor>
					<label>MyMusicNav.xml</label>
					<visible>Window.IsVisible(MyMusicNav.xml)</visible>
				</control>
				<control type="label">
					<include>overlay-label</include>
					<textcolor>info-text</textcolor>
					<label>MyMusicPlaylistEditor.xml</label>
					<visible>Window.IsVisible(MyMusicPlaylistEditor.xml)</visible>
				</control>
				<control type="label">
					<include>overlay-label</include>
					<textcolor>info-text</textcolor>
					<label>MyPics.xml</label>
					<visible>Window.IsVisible(MyPics.xml)</visible>
				</control>
				<control type="label">
					<include>overlay-label</include>
					<textcolor>info-text</textcolor>
					<label>MyPlaylist.xml</label>
					<visible>Window.IsVisible(MyPlaylist.xml)</visible>
				</control>
				<control type="label">
					<include>overlay-label</include>
					<textcolor>info-text</textcolor>
					<label>MyPrograms.xml</label>
					<visible>Window.IsVisible(MyPrograms.xml)</visible>
				</control>
				<control type="label">
					<include>overlay-label</include>
					<textcolor>info-text</textcolor>
					<label>MyPVRChannels.xml</label>
					<visible>Window.IsVisible(MyPVRChannels.xml)</visible>
				</control>
				<control type="label">
					<include>overlay-label</include>
					<textcolor>info-text</textcolor>
					<label>MyPVRGuide.xml</label>
					<visible>Window.IsVisible(MyPVRGuide.xml)</visible>
				</control>
				<control type="label">
					<include>overlay-label</include>
					<textcolor>info-text</textcolor>
					<label>MyPVRRecordings.xml</label>
					<visible>Window.IsVisible(MyPVRRecordings.xml)</visible>
				</control>
				<control type="label">
					<include>overlay-label</include>
					<textcolor>info-text</textcolor>
					<label>MyPVRSearch.xml</label>
					<visible>Window.IsVisible(MyPVRSearch.xml)</visible>
				</control>
				<control type="label">
					<include>overlay-label</include>
					<textcolor>info-text</textcolor>
					<label>MyPVRTimers.xml</label>
					<visible>Window.IsVisible(MyPVRTimers.xml)</visible>
				</control>
				<control type="label">
					<include>overlay-label</include>
					<textcolor>info-text</textcolor>
					<label>MyVideoNav.xml</label>
					<visible>Window.IsVisible(MyVideoNav.xml)</visible>
				</control>
				<control type="label">
					<include>overlay-label</include>
					<textcolor>info-text</textcolor>
					<label>MyWeather.xml</label>
					<visible>Window.IsVisible(MyWeather.xml)</visible>
				</control>
				<control type="label">
					<include>overlay-label</include>
					<textcolor>info-text</textcolor>
					<label>Settings.xml</label>
					<visible>Window.IsVisible(Settings.xml)</visible>
				</control>
				<control type="label">
					<include>overlay-label</include>
					<textcolor>info-text</textcolor>
					<label>SettingsCategory.xml</label>
					<visible>Window.IsVisible(SettingsCategory.xml)</visible>
				</control>
				<control type="label">
					<include>overlay-label</include>
					<textcolor>info-text</textcolor>
					<label>SettingsProfile.xml</label>
					<visible>Window.IsVisible(SettingsProfile.xml)</visible>
				</control>
				<control type="label">
					<include>overlay-label</include>
					<textcolor>info-text</textcolor>
					<label>SkinSettings.xml</label>
					<visible>Window.IsVisible(SkinSettings.xml)</visible>
				</control>
				<control type="label">
					<include>overlay-label</include>
					<textcolor>info-text</textcolor>
					<label>VideoFullScreen.xml</label>
					<visible>Window.IsVisible(VideoFullScreen.xml)</visible>
				</control>
				<!-- Dialog labels -->
				<control type="label">
					<include>overlay-label</include>
					<textcolor>kai-text</textcolor>
					<label>DialogAddonInfo.xml</label>
					<visible>Window.IsVisible(DialogAddonInfo.xml)</visible>
				</control>
				<control type="label">
					<include>overlay-label</include>
					<textcolor>kai-text</textcolor>
					<label>DialogAddonSettings.xml</label>
					<visible>Window.IsVisible(DialogAddonSettings.xml)</visible>
				</control>
				<control type="label">
					<include>overlay-label</include>
					<textcolor>kai-text</textcolor>
					<label>DialogBusy.xml</label>
					<visible>Window.IsVisible(DialogBusy.xml)</visible>
				</control>
				<control type="label">
					<include>overlay-label</include>
					<textcolor>kai-text</textcolor>
					<label>DialogButtonMenu.xml</label>
					<visible>Window.IsVisible(DialogButtonMenu.xml)</visible>
				</control>
				<control type="label">
					<include>overlay-label</include>
					<textcolor>kai-text</textcolor>
					<label>DialogConfirm.xml</label>
					<visible>Window.IsVisible(DialogConfirm.xml)</visible>
				</control>
				<control type="label">
					<include>overlay-label</include>
					<textcolor>kai-text</textcolor>
					<label>DialogContextMenu.xml</label>
					<visible>Window.IsVisible(DialogContextMenu.xml)</visible>
				</control>
				<control type="label">
					<include>overlay-label</include>
					<textcolor>kai-text</textcolor>
					<label>DialogExtendedProgressBar.xml</label>
					<visible>Window.IsVisible(DialogExtendedProgressBar.xml)</visible>
				</control>
				<control type="label">
					<include>overlay-label</include>
					<textcolor>kai-text</textcolor>
					<label>DialogFavourites.xml</label>
					<visible>Window.IsVisible(DialogFavourites.xml)</visible>
				</control>
				<control type="label">
					<include>overlay-label</include>
					<textcolor>kai-text</textcolor>
					<label>DialogGameControllers.xml</label>
					<visible>Window.IsVisible(DialogGameControllers.xml)</visible>
				</control>
				<control type="label">
					<include>overlay-label</include>
					<textcolor>kai-text</textcolor>
					<label>DialogKeyboard.xml</label>
					<visible>Window.IsVisible(DialogKeyboard.xml)</visible>
				</control>
				<control type="label">
					<include>overlay-label</include>
					<textcolor>kai-text</textcolor>
					<label>DialogMediaSource.xml</label>
					<visible>Window.IsVisible(DialogMediaSource.xml)</visible>
				</control>
				<control type="label">
					<include>overlay-label</include>
					<textcolor>kai-text</textcolor>
					<label>DialogMusicInfo.xml</label>
					<visible>Window.IsVisible(DialogMusicInfo.xml)</visible>
				</control>
				<control type="label">
					<include>overlay-label</include>
					<textcolor>kai-text</textcolor>
					<label>DialogNotification.xml</label>
					<visible>Window.IsVisible(DialogNotification.xml)</visible>
				</control>
				<control type="label">
					<include>overlay-label</include>
					<textcolor>kai-text</textcolor>
					<label>DialogNumeric.xml</label>
					<visible>Window.IsVisible(DialogNumeric.xml)</visible>
				</control>
				<control type="label">
					<include>overlay-label</include>
					<textcolor>kai-text</textcolor>
					<label>DialogPictureInfo.xml</label>
					<visible>Window.IsVisible(DialogPictureInfo.xml)</visible>
				</control>
				<control type="label">
					<include>overlay-label</include>
					<textcolor>kai-text</textcolor>
					<label>DialogPlayerProcessInfo.xml</label>
					<visible>Window.IsVisible(DialogPlayerProcessInfo.xml)</visible>
				</control>
				<control type="label">
					<include>overlay-label</include>
					<textcolor>kai-text</textcolor>
					<label>DialogPVRChannelManager.xml</label>
					<visible>Window.IsVisible(DialogPVRChannelManager.xml)</visible>
				</control>
				<control type="label">
					<include>overlay-label</include>
					<textcolor>kai-text</textcolor>
					<label>DialogPVRChannelsOSD.xml</label>
					<visible>Window.IsVisible(DialogPVRChannelsOSD.xml)</visible>
				</control>
				<control type="label">
					<include>overlay-label</include>
					<textcolor>kai-text</textcolor>
					<label>DialogPVRGroupManager.xml</label>
					<visible>Window.IsVisible(DialogPVRGroupManager.xml)</visible>
				</control>
				<control type="label">
					<include>overlay-label</include>
					<textcolor>kai-text</textcolor>
					<label>DialogPVRGuideOSD.xml</label>
					<visible>Window.IsVisible(DialogPVRGuideOSD.xml)</visible>
				</control>
				<control type="label">
					<include>overlay-label</include>
					<textcolor>kai-text</textcolor>
					<label>DialogPVRGuideSearch.xml</label>
					<visible>Window.IsVisible(DialogPVRGuideSearch.xml)</visible>
				</control>
				<control type="label">
					<include>overlay-label</include>
					<textcolor>kai-text</textcolor>
					<label>DialogPVRInfo.xml</label>
					<visible>Window.IsVisible(DialogPVRInfo.xml)</visible>
				</control>
				<control type="label">
					<include>overlay-label</include>
					<textcolor>kai-text</textcolor>
					<label>DialogPVRRadioRDSInfo.xml</label>
					<visible>Window.IsVisible(DialogPVRRadioRDSInfo.xml)</visible>
				</control>
				<control type="label">
					<include>overlay-label</include>
					<textcolor>kai-text</textcolor>
					<label>DialogSeekbar.xml</label>
					<visible>Window.IsVisible(DialogSeekbar.xml)</visible>
				</control>
				<control type="label">
					<include>overlay-label</include>
					<textcolor>kai-text</textcolor>
					<label>DialogSelect.xml</label>
					<visible>Window.IsVisible(DialogSelect.xml)</visible>
				</control>
				<control type="label">
					<include>overlay-label</include>
					<textcolor>kai-text</textcolor>
					<label>DialogSettings.xml</label>
					<visible>Window.IsVisible(DialogSettings.xml)</visible>
				</control>
				<control type="label">
					<include>overlay-label</include>
					<textcolor>kai-text</textcolor>
					<label>DialogSlider.xml</label>
					<visible>Window.IsVisible(DialogSlider.xml)</visible>
				</control>
				<control type="label">
					<include>overlay-label</include>
					<textcolor>kai-text</textcolor>
					<label>DialogSubtitles.xml</label>
					<visible>Window.IsVisible(DialogSubtitles.xml)</visible>
				</control>
				<control type="label">
					<include>overlay-label</include>
					<textcolor>kai-text</textcolor>
					<label>DialogTextViewer.xml</label>
					<visible>Window.IsVisible(DialogTextViewer.xml)</visible>
				</control>
				<control type="label">
					<include>overlay-label</include>
					<textcolor>kai-text</textcolor>
					<label>DialogVideoInfo.xml</label>
					<visible>Window.IsVisible(DialogVideoInfo.xml)</visible>
				</control>
				<control type="label">
					<include>overlay-label</include>
					<textcolor>kai-text</textcolor>
					<label>DialogVolumeBar.xml</label>
					<visible>Window.IsVisible(DialogVolumeBar.xml)</visible>
				</control>
				<control type="label">
					<include>overlay-label</include>
					<textcolor>kai-text</textcolor>
					<label>MusicOSD.xml</label>
					<visible>Window.IsVisible(MusicOSD.xml)</visible>
				</control>
				<control type="label">
					<include>overlay-label</include>
					<textcolor>kai-text</textcolor>
					<label>PlayerControls.xml</label>
					<visible>Window.IsVisible(PlayerControls.xml)</visible>
				</control>
				<control type="label">
					<include>overlay-label</include>
					<textcolor>kai-text</textcolor>
					<label>script-cu-lrclyrics-main.xml</label>
					<visible>Window.IsVisible(script-cu-lrclyrics-main.xml)</visible>
				</control>
				<control type="label">
					<include>overlay-label</include>
					<textcolor>kai-text</textcolor>
					<label>script-globalsearch-infodialog.xml</label>
					<visible>Window.IsVisible(script-globalsearch-infodialog.xml)</visible>
				</control>
				<control type="label">
					<include>overlay-label</include>
					<textcolor>kai-text</textcolor>
					<label>script-globalsearch-main.xml</label>
					<visible>Window.IsVisible(script-globalsearch-main.xml)</visible>
				</control>
				<control type="label">
					<include>overlay-label</include>
					<textcolor>kai-text</textcolor>
					<label>script-NextAired-TVGuide.xml</label>
					<visible>Window.IsVisible(script-NextAired-TVGuide.xml)</visible>
				</control>
				<control type="label">
					<include>overlay-label</include>
					<textcolor>kai-text</textcolor>
					<label>script-nextup-notication-NextUpInfo.xml</label>
					<visible>Window.IsVisible(script-nextup-notication-NextUpInfo.xml)</visible>
				</control>
				<control type="label">
					<include>overlay-label</include>
					<textcolor>kai-text</textcolor>
					<label>script-nextup-notication-StillWatchingInfo.xml</label>
					<visible>Window.IsVisible(script-nextup-notication-StillWatchingInfo.xml)</visible>
				</control>
				<control type="label">
					<include>overlay-label</include>
					<textcolor>kai-text</textcolor>
					<label>script-script.extendedinfo-DialogInfo.xml</label>
					<visible>Window.IsVisible(script-script.extendedinfo-DialogInfo.xml)</visible>
				</control>
				<control type="label">
					<include>overlay-label</include>
					<textcolor>kai-text</textcolor>
					<label>script-script.extendedinfo-DialogVideoInfo.xml</label>
					<visible>Window.IsVisible(script-script.extendedinfo-DialogVideoInfo.xml)</visible>
				</control>
				<control type="label">
					<include>overlay-label</include>
					<textcolor>kai-text</textcolor>
					<label>service-LibreELEC-Settings-mainWindow.xml</label>
					<visible>Window.IsVisible(service-LibreELEC-Settings-mainWindow.xml)</visible>
				</control>
				<control type="label">
					<include>overlay-label</include>
					<textcolor>kai-text</textcolor>
					<label>SettingsSystemInfo.xml</label>
					<visible>Window.IsVisible(SettingsSystemInfo.xml)</visible>
				</control>
				<control type="label">
					<include>overlay-label</include>
					<textcolor>kai-text</textcolor>
					<label>SlideShow.xml</label>
					<visible>Window.IsVisible(SlideShow.xml)</visible>
				</control>
				<control type="label">
					<include>overlay-label</include>
					<textcolor>kai-text</textcolor>
					<label>SmartPlaylistEditor.xml</label>
					<visible>Window.IsVisible(SmartPlaylistEditor.xml)</visible>
				</control>
				<control type="label">
					<include>overlay-label</include>
					<textcolor>kai-text</textcolor>
					<label>SmartPlaylistRule.xml</label>
					<visible>Window.IsVisible(SmartPlaylistRule.xml)</visible>
				</control>
				<control type="label">
					<include>overlay-label</include>
					<textcolor>kai-text</textcolor>
					<label>VideoOSD.xml</label>
					<visible>Window.IsVisible(VideoOSD.xml)</visible>
				</control>
				<control type="label">
					<include>overlay-label</include>
					<textcolor>kai-text</textcolor>
					<label>VideoOSDBookmarks.xml</label>
					<visible>Window.IsVisible(VideoOSDBookmarks.xml)</visible>
				</control>
			</control>
			<!-- Control label -->
			<control type="label">
				<left>968</left>
				<top>22</top>
				<width>930</width>
				<height>32</height>
				<textcolor>info-text</textcolor>
				<align>right</align>
				<label>$INFO[System.CurrentControl]</label>
				<font>apptv25</font>
			</control>
			<!-- Path label -->
			<control type="label">
				<left>968</left>
				<top>72</top>
				<width>930</width>
				<height>32</height>
				<textcolor>kai-text</textcolor>
				<align>right</align>
				<label>[COLOR=FF00FF00]$INFO[Container.FolderName,, - ][/COLOR]$INFO[Container.FolderPath]</label>
				<font>apptv25</font>
			</control>
		</control>
	</controls>
</window>