<?xml version="1.0" encoding="utf-8"?>
<window>
	<defaultcontrol>3</defaultcontrol>
	<controls>
		<include>fadebackground</include>
		<include>background</include>
		<control type="group">
			<control type="label">
				<!-- Heading label -->
				<left>1170</left>
				<top>52</top>
				<width>735</width>
				<height>93</height>
				<aligny>center</aligny>
				<font>apptv30</font>
				<wrapmultiline>true</wrapmultiline>
				<label>$LOCALIZE[35058]</label>
			</control>
			<control type="image">
				<left>15</left>
				<top>150</top>
				<width>1890</width>
				<height>6</height>
				<texture>separator.png</texture>
			</control>
			<control type="label">
				<!-- Controller Types Label -->
				<left>45</left>
				<top>162</top>
				<width>450</width>
				<height>72</height>
				<label>[I]$LOCALIZE[35050][/I]</label>
				<font>apptv23</font>
				<align>center</align>
			</control>
			<control type="grouplist" id="3">
				<left>45</left>
				<top>240</top>
				<width>450</width>
				<height>720</height>
				<itemgap>0</itemgap>
				<pagecontrol>60</pagecontrol>
				<onleft>5</onleft>
				<onright>60</onright>
				<onup>noop</onup>
				<ondown>9000</ondown>
			</control>
			<control type="button" id="10">
				<!-- Default button -->
				<width>450</width>
				<height>72</height>
				<font>apptv20</font>
				<align>center</align>
			</control>
			<control type="scrollbar" id="60">
				<left>16</left>
				<top>240</top>
				<width>18</width>
				<height>720</height>
				<onleft>3</onleft>
				<onright>5</onright>
				<orientation>vertical</orientation>
				<animation condition="!Control.HasFocus(60) + !Container.Scrolling + !String.IsEqual(Skin.String(show-scrollbar),$LOCALIZE[31875])" effect="fade" start="100" end="0" time="200" reversible="true">Conditional</animation>
			</control>
			<control type="gamecontroller" id="31">
				<left>525</left>
				<top>261</top>
				<width>852</width>
				<height>510</height>
			</control>
			<control type="label">
				<!-- Feature Types Label -->
				<left>1407</left>
				<top>162</top>
				<width>450</width>
				<height>72</height>
				<label>[I]$LOCALIZE[35059][/I]</label>
				<font>apptv23</font>
				<align>center</align>
			</control>
			<control type="grouplist" id="5">
				<left>1407</left>
				<top>240</top>
				<width>450</width>
				<height>720</height>
				<itemgap>0</itemgap>
				<pagecontrol>61</pagecontrol>
				<onleft>3</onleft>
				<onright>61</onright>
				<onup>noop</onup>
				<ondown>9000</ondown>
			</control>
			<control type="button" id="7">
				<!-- Default Button -->
				<left>0</left>
				<top>0</top>
				<width>450</width>
				<height>72</height>
				<font>apptv20</font>
				<align>center</align>
			</control>
			<control type="label" id="8">
				<!-- Separator label -->
				<width>450</width>
				<height>72</height>
				<font>apptv22</font>
				<align>center</align>
				<aligny>bottom</aligny>
			</control>
			<control type="image" id="9">
				<!-- Default Seperator -->
				<width>450</width>
				<height>6</height>
				<texture>separator.png</texture>
			</control>
			<control type="scrollbar" id="61">
				<left>1888</left>
				<top>240</top>
				<width>18</width>
				<height>720</height>
				<onleft>5</onleft>
				<onright>3</onright>
				<orientation>vertical</orientation>
				<animation condition="!Control.HasFocus(61) + !Container.Scrolling + !String.IsEqual(Skin.String(show-scrollbar),$LOCALIZE[31875])" effect="fade" start="100" end="0" time="200" reversible="true">Conditional</animation>
			</control>
			<control type="image">
				<left>15</left>
				<top>981</top>
				<width>1890</width>
				<height>6</height>
				<texture>separator.png</texture>
			</control>
			<control type="grouplist" id="9000">
				<left>60</left>
				<top>990</top>
				<width>1800</width>
				<height>75</height>
				<align>center</align>
				<orientation>horizontal</orientation>
				<itemgap>0</itemgap>
				<onup>3</onup>
				<ondown>noop</ondown>
				<control type="button" id="18">
					<!-- OK -->
					<width>450</width>
					<height>75</height>
					<font>apptv23</font>
					<align>center</align>
					<aligny>center</aligny>
					<label>$LOCALIZE[186]</label>
				</control>
				<control type="button" id="19">
					<!-- Reset -->
					<width>450</width>
					<height>75</height>
					<font>apptv23</font>
					<align>center</align>
					<aligny>center</aligny>
					<label>$LOCALIZE[10035]</label>
				</control>
				<control type="button" id="20">
					<!-- More -->
					<width>450</width>
					<height>75</height>
					<font>apptv23</font>
					<align>center</align>
					<aligny>center</aligny>
					<label>$LOCALIZE[21452]</label>
				</control>
				<control type="button" id="17">
					<!-- Help -->
					<width>450</width>
					<height>75</height>
					<font>apptv23</font>
					<align>center</align>
					<aligny>center</aligny>
					<label>$LOCALIZE[10043]</label>
				</control>
			</control>
		</control>
	</controls>
</window>