<?xml version="1.0" encoding="utf-8"?>
<window>
	<defaultcontrol always="true">29</defaultcontrol>
	<controls>
		<control type="group">
			<visible>!Window.IsVisible(filebrowser)</visible>
			<include>background</include>
			<control type="group">
				<control type="label">
					<!-- Header -->
					<left>1419</left>
					<top>48</top>
					<width>480</width>
					<height>45</height>
					<font>apptv30</font>
					<label>$LOCALIZE[19143]</label>
					<align>center</align>
					<aligny>bottom</aligny>
				</control>
				<control type="image">
					<left>15</left>
					<top>202</top>
					<width>1890</width>
					<height>6</height>
					<texture>separator.png</texture>
				</control>
				<control type="group">
					<!-- Channels list -->
					<left>15</left>
					<top>128</top>
					<control type="label" id="21">
						<!-- Name -->
						<left>0</left>
						<top>0</top>
						<width>540</width>
						<height>105</height>
						<font>apptv23</font>
						<align>center</align>
					</control>
					<control type="list" id="11">
						<left>8</left>
						<top>120</top>
						<width>555</width>
						<height>690</height>
						<onup>11</onup>
						<ondown>9000</ondown>
						<onright condition="String.IsEqual(Skin.String(show-scrollbar),$LOCALIZE[31877])">12</onright>
						<onright condition="!String.IsEqual(Skin.String(show-scrollbar),$LOCALIZE[31877])">71</onright>
						<pagecontrol>71</pagecontrol>
						<itemlayout height="69">
							<control type="image">
								<left>0</left>
								<top>0</top>
								<width>555</width>
								<height>69</height>
								<texture border="9">button-default.png</texture>
							</control>
							<control type="image">
								<left>15</left>
								<top>14</top>
								<width>42</width>
								<height>42</height>
								<texture>$VAR[PVRIcon]</texture>
							</control>
							<control type="label">
								<left>66</left>
								<top>8</top>
								<width>480</width>
								<height>45</height>
								<font>apptv22</font>
								<selectedcolor>listselected-text</selectedcolor>
								<label>$INFO[ListItem.ChannelNumberLabel,(,) - ]$INFO[ListItem.ChannelName]</label>
							</control>
						</itemlayout>
						<focusedlayout height="69">
							<control type="image">
								<left>0</left>
								<top>0</top>
								<width>555</width>
								<height>69</height>
								<texture border="9">button-default-focus.png</texture>
								<visible>Control.HasFocus(11)</visible>
							</control>
							<control type="image">
								<left>14</left>
								<top>14</top>
								<width>42</width>
								<height>42</height>
								<texture>$VAR[PVRIcon]</texture>
							</control>
							<control type="label">
								<left>66</left>
								<top>8</top>
								<width>480</width>
								<height>45</height>
								<font>apptv22</font>
								<selectedcolor>listselected-text</selectedcolor>
								<label>$INFO[ListItem.ChannelNumberLabel,(,) - ]$INFO[ListItem.ChannelName]</label>
							</control>
						</focusedlayout>
					</control>
					<control type="scrollbar" id="71">
						<left>580</left>
						<top>120</top>
						<width>20</width>
						<height>690</height>
						<onleft>11</onleft>
						<onright>12</onright>
						<ondown>71</ondown>
						<onup>71</onup>
						<animation condition="!Control.HasFocus(71) + !Container.Scrolling + !String.IsEqual(Skin.String(show-scrollbar),$LOCALIZE[31875])" effect="fade" start="100" end="0" time="200" reversible="true">Conditional</animation>
						<visible>$EXP[isEnabledScrollbar]</visible>
					</control>
				</control>
				<control type="group">
					<!-- Grouped Channels list -->
					<left>630</left>
					<top>128</top>
					<control type="label" id="22">
						<!-- Name -->
						<left>0</left>
						<top>0</top>
						<width>540</width>
						<height>105</height>
						<font>apptv23</font>
						<align>center</align>
					</control>
					<control type="list" id="12">
						<left>8</left>
						<top>120</top>
						<width>555</width>
						<height>690</height>
						<onup>12</onup>
						<ondown>9000</ondown>
						<onleft condition="String.IsEqual(Skin.String(show-scrollbar),$LOCALIZE[31877])">11</onleft>
						<onleft condition="!String.IsEqual(Skin.String(show-scrollbar),$LOCALIZE[31877])">71</onleft>
						<onright condition="String.IsEqual(Skin.String(show-scrollbar),$LOCALIZE[31877])">13</onright>
						<onright condition="!String.IsEqual(Skin.String(show-scrollbar),$LOCALIZE[31877])">72</onright>
						<pagecontrol>72</pagecontrol>
						<itemlayout height="69">
							<control type="image">
								<left>0</left>
								<top>0</top>
								<width>555</width>
								<height>69</height>
								<texture border="9">button-default.png</texture>
							</control>
							<control type="image">
								<left>14</left>
								<top>14</top>
								<width>42</width>
								<height>42</height>
								<texture>$VAR[PVRIcon]</texture>
							</control>
							<control type="label">
								<left>66</left>
								<top>8</top>
								<width>480</width>
								<height>45</height>
								<font>apptv22</font>
								<selectedcolor>listselected-text</selectedcolor>
								<label>$INFO[ListItem.ChannelNumberLabel,(,) - ]$INFO[ListItem.ChannelName]</label>
							</control>
						</itemlayout>
						<focusedlayout height="69">
							<control type="image">
								<left>0</left>
								<top>0</top>
								<width>555</width>
								<height>69</height>
								<texture border="9">button-default-focus.png</texture>
								<visible>Control.HasFocus(12)</visible>
							</control>
							<control type="image">
								<left>14</left>
								<top>14</top>
								<width>42</width>
								<height>42</height>
								<texture>$VAR[PVRIcon]</texture>
							</control>
							<control type="label">
								<left>66</left>
								<top>8</top>
								<width>480</width>
								<height>45</height>
								<font>apptv22</font>
								<selectedcolor>listselected-text</selectedcolor>
								<label>$INFO[ListItem.ChannelNumberLabel,(,) - ]$INFO[ListItem.ChannelName]</label>
							</control>
						</focusedlayout>
					</control>
					<control type="scrollbar" id="72">
						<left>580</left>
						<top>120</top>
						<width>20</width>
						<height>690</height>
						<onleft>12</onleft>
						<onright>13</onright>
						<ondown>72</ondown>
						<onup>72</onup>
						<animation condition="!Control.HasFocus(72) + !Container.Scrolling + !String.IsEqual(Skin.String(show-scrollbar),$LOCALIZE[31875])" effect="fade" start="100" end="0" time="200" reversible="true">Conditional</animation>
						<visible>$EXP[isEnabledScrollbar]</visible>
					</control>
				</control>
				<control type="group">
					<!-- Group list -->
					<left>1320</left>
					<top>128</top>
					<control type="label">
						<!-- Name -->
						<left>0</left>
						<top>0</top>
						<width>525</width>
						<height>105</height>
						<label>$LOCALIZE[31700]</label>
						<align>center</align>
					</control>
					<control type="list" id="13">
						<left>8</left>
						<top>120</top>
						<width>525</width>
						<height>690</height>
						<onup>13</onup>
						<ondown>9000</ondown>
						<onleft>72</onleft>
						<onleft condition="String.IsEqual(Skin.String(show-scrollbar),$LOCALIZE[31877])">12</onleft>
						<onleft condition="!String.IsEqual(Skin.String(show-scrollbar),$LOCALIZE[31877])">72</onleft>
						<onright condition="String.IsEqual(Skin.String(show-scrollbar),$LOCALIZE[31877])">9000</onright>
						<onright condition="!String.IsEqual(Skin.String(show-scrollbar),$LOCALIZE[31877])">73</onright>
						<pagecontrol>73</pagecontrol>
						<itemlayout height="69">
							<control type="image">
								<left>0</left>
								<top>0</top>
								<width>525</width>
								<height>69</height>
								<texture border="9">button-default.png</texture>
							</control>
							<control type="label">
								<left>22</left>
								<top>8</top>
								<width>480</width>
								<height>45</height>
								<font>apptv22</font>
								<align>center</align>
								<selectedcolor>listselected-text</selectedcolor>
								<label>$INFO[ListItem.Label]</label>
							</control>
						</itemlayout>
						<focusedlayout height="69">
							<control type="image">
								<left>0</left>
								<top>0</top>
								<width>525</width>
								<height>69</height>
								<texture border="9">button-default-focus.png</texture>
								<visible>Control.HasFocus(13)</visible>
							</control>
							<control type="label">
								<left>22</left>
								<top>8</top>
								<width>480</width>
								<height>45</height>
								<font>apptv22</font>
								<align>center</align>
								<selectedcolor>listselected-text</selectedcolor>
								<label>$INFO[ListItem.Label]</label>
							</control>
						</focusedlayout>
					</control>
					<control type="scrollbar" id="73">
						<left>1874</left>
						<top>120</top>
						<width>20</width>
						<height>690</height>
						<onleft>13</onleft>
						<onright>9000</onright>
						<ondown>73</ondown>
						<onup>73</onup>
						<animation condition="!Control.HasFocus(73) + !Container.Scrolling + !String.IsEqual(Skin.String(show-scrollbar),$LOCALIZE[31875])" effect="fade" start="100" end="0" time="200" reversible="true">Conditional</animation>
						<visible>$EXP[isEnabledScrollbar]</visible>
					</control>
				</control>
				<control type="grouplist" id="9000">
					<left>0</left>
					<top>975</top>
					<width>1920</width>
					<height>75</height>
					<align>center</align>
					<orientation>horizontal</orientation>
					<onleft>9000</onleft>
					<onright>9000</onright>
					<onup>13</onup>
					<control type="button" id="26">
						<!-- Add Group -->
						<width>360</width>
						<height>75</height>
						<label>$LOCALIZE[15019] $LOCALIZE[19141]</label>
						<font>apptv23</font>
						<align>center</align>
					</control>
					<control type="button" id="27">
						<!-- Rename Group -->
						<width>360</width>
						<height>75</height>
						<label>$LOCALIZE[118] $LOCALIZE[19141]</label>
						<font>apptv23</font>
						<align>center</align>
					</control>
					<control type="button" id="28">
						<!-- Delete Group -->
						<width>360</width>
						<height>75</height>
						<label>$LOCALIZE[117] $LOCALIZE[19141]</label>
						<font>apptv23</font>
						<align>center</align>
					</control>
					<control type="radiobutton" id="25">
						<!-- Hide Group -->
						<width>360</width>
						<height>75</height>
						<font>apptv23</font>
						<align>center</align>
						<label>$LOCALIZE[19289]</label>
					</control>
					<control type="button" id="29">
						<!-- OK -->
						<width>360</width>
						<height>75</height>
						<label>$LOCALIZE[186]</label>
						<font>apptv23</font>
						<align>center</align>
					</control>
				</control>
			</control>
		</control>
		<control type="label" id="20">
			<!-- Fake Label used to pass on name label -->
			<visible>false</visible>
		</control>
	</controls>
</window>