<?xml version="1.0" encoding="utf-8"?>
<window>
	<defaultcontrol always="true">9</defaultcontrol>
	<coordinates>
		<left>0</left>
		<top>0</top>
	</coordinates>
	<controls>
		<include>fadebackground</include>
		<control type="image">
			<!-- Dialog background -->
			<left>45</left>
			<top>60</top>
			<width>1830</width>
			<height>960</height>
			<texture border="14">button-menu-background.png</texture>
		</control>
		<control type="label" id="20">
			<!-- Dialog heading -->
			<left>66</left>
			<top>72</top>
			<width>1788</width>
			<height>54</height>
			<align>center</align>
			<font>apptv25</font>
		</control>
		<control type="image">
			<left>66</left>
			<top>132</top>
			<width>1788</width>
			<height>6</height>
			<texture>separator.png</texture>
		</control>
		<!-- Markers for control area items -->
		<include content="page-offscreen-vertical">
			<param name="indicator1left" value="1628"/>
			<param name="indicator1top" value="140"/>
			<param name="indicator2left" value="1628"/>
			<param name="indicator2top" value="922"/>
			<param name="indicatorsize" value="24"/>
			<param name="indicatorcontainer" value="9"/>
		</include>
		<control type="grouplist" id="9">
			<!-- Button area -->
			<left>1428</left>
			<top>164</top>
			<width>424</width>
			<height>748</height>
			<itemgap>0</itemgap>
			<onleft>2</onleft>
			<ondown>9001</ondown>
		</control>
		<!-- Markers for control area items -->
		<include content="page-offscreen-vertical">
			<param name="indicator1left" value="751"/>
			<param name="indicator1top" value="140"/>
			<param name="indicator2left" value="751"/>
			<param name="indicator2top" value="922"/>
			<param name="indicatorsize" value="24"/>
			<param name="indicatorcontainer" value="2"/>
		</include>
		<control type="grouplist" id="2">
			<!-- Control area -->
			<left>99</left>
			<top>164</top>
			<width>1328</width>
			<height>748</height>
			<itemgap>0</itemgap>
			<pagecontrol>30</pagecontrol>
			<ondown>9001</ondown>
			<onleft condition="String.IsEqual(Skin.String(show-scrollbar),$LOCALIZE[31877])">noop</onleft>
			<onleft condition="!String.IsEqual(Skin.String(show-scrollbar),$LOCALIZE[31877])">30</onleft>
			<onright>9</onright>
		</control>
		<control type="scrollbar" id="30">
			<left>60</left>
			<top>164</top>
			<width>18</width>
			<height>748</height>
			<onright>2</onright>
			<animation condition="!Control.HasFocus(30) + !Container.Scrolling + !String.IsEqual(Skin.String(show-scrollbar),$LOCALIZE[31875])" effect="fade" start="100" end="0" time="200" reversible="true">Conditional</animation>
			<visible>$EXP[isEnabledScrollbar]</visible>
		</control>
		<control type="group" id="9001">
			<left>198</left>
			<top>938</top>
			<control type="button" id="10">
				<!-- OK Button -->
				<left>0</left>
				<top>0</top>
				<width>370</width>
				<height>68</height>
				<font>apptv22</font>
				<align>center</align>
				<label>$LOCALIZE[186]</label>
				<onleft>12</onleft>
				<onright>11</onright>
				<onup>2</onup>
			</control>
			<control type="button" id="11">
				<!-- Cancel Button -->
				<left>570</left>
				<top>0</top>
				<width>370</width>
				<height>68</height>
				<font>apptv22</font>
				<align>center</align>
				<label>$LOCALIZE[222]</label>
				<onleft>10</onleft>
				<onright>12</onright>
				<onup>2</onup>
			</control>
			<control type="button" id="12">
				<!-- Defaults Button -->
				<left>1142</left>
				<top>0</top>
				<width>370</width>
				<height>68</height>
				<font>apptv22</font>
				<align>center</align>
				<label>$LOCALIZE[409]</label>
				<onleft>11</onleft>
				<onright>10</onright>
				<onup>2</onup>
			</control>
		</control>
		<control type="button" id="13">
			<!-- Default Category Button -->
			<width>424</width>
			<height>68</height>
			<font>apptv22</font>
		</control>
		<control type="button" id="3">
			<!-- Default Button -->
			<width>1305</width>
			<height>68</height>
			<font>apptv22</font>
			<textwidth>1215</textwidth>
		</control>
		<control type="radiobutton" id="4">
			<!-- Default RadioButton -->
			<width>1305</width>
			<height>68</height>
			<font>apptv22</font>
			<textwidth>1200</textwidth>
			<radioposx>1260</radioposx>
		</control>
		<control type="spincontrolex" id="5">
			<!-- Default Spincontrolex -->
			<width>1305</width>
			<height>68</height>
			<font>apptv22</font>
			<reverse>yes</reverse>
		</control>
		<control type="label" id="7">
			<!-- Default Label -->
			<width>1305</width>
			<height>68</height>
			<font>apptv22</font>
		</control>
		<control type="image" id="6">
			<!-- Default Seperator -->
			<height>6</height>
			<texture>separator.png</texture>
		</control>
		<control type="sliderex" id="8">
			<!-- Default Slider -->
			<width>1305</width>
			<height>68</height>
			<font>apptv22</font>
		</control>
	</controls>
</window>