<?xml version="1.0" encoding="utf-8"?>
<window>
	<defaultcontrol always="false">9000</defaultcontrol>
	<menucontrol>6100</menucontrol>
	<onload>ClearProperty(ShowScreenSettings,home)</onload>
	<onload>SetFocus(9000)</onload>
	<onunload>ClearProperty(ShowScreenSettings,home)</onunload>
	<onunload>ClearProperty(ShutdownKodi,home)</onunload>
	<include>zoom-openclose</include>
	<controls>
		<!-- Use Vertical Home menu-->
		<include condition="Skin.HasSetting(homemenu-vertical)" file="Includes_VertHome.xml">VertHomeMenu</include>
		<!-- Use Horizontal Home menu-->
		<include condition="Skin.HasSetting(homemenu-horizontal)" file="Includes_HorzHome.xml">HorzHomeMenu</include>
		<!-- Use Icon Home menu-->
		<include condition="Skin.HasSetting(homemenu-icon)" file="Includes_IconHome.xml">IconHomeMenu</include>

		<include>touch-controls</include>

		<control type="group">
			<!-- Screen Settings Menu -->
			<left>0</left>
			<top>1080</top>
			<animation effect="slide" start="0,0" end="0,-1080">Visible</animation>
			<visible allowhiddenfocus="true">[ControlGroup(6100).HasFocus() | String.IsEqual(Window(home).Property(ShowScreenSettings),show)] + !Skin.HasSetting(lock-screensettings)</visible>
			<include>fadebackground</include>
			<control type="image">
				<!-- Button background -->
				<left>622</left>
				<top>274</top>
				<width>669</width>
				<height>542</height>
				<texture border="14">button-menu-background.png</texture>
			</control>
			<control type="label">
				<!-- Dialog heading -->
				<left>638</left>
				<top>286</top>
				<width>689</width>
				<height>51</height>
				<font>apptv23</font>
				<label>$LOCALIZE[31557]$INFO[Container(6100).NumItems, (,)]</label>
				<align>center</align>
			</control>
			<control type="button">
				<!-- Touch Close button -->
				<left>1260</left>
				<top>258</top>
				<width>48</width>
				<height>48</height>
				<texturefocus>touch-close.png</texturefocus>
				<texturenofocus>touch-close.png</texturenofocus>
				<onclick condition="!String.IsEqual(Window(home).Property(ShowScreenSettings),show)">SetProperty(ShowScreenSettings,show,home)</onclick>
				<onclick condition="String.IsEqual(Window(home).Property(ShowScreenSettings),show)">ClearProperty(ShowScreenSettings,home)</onclick>
				<visible>$EXP[isEnabledTouch]</visible>
			</control>
			<control type="image">
				<left>638</left>
				<top>340</top>
				<width>639</width>
				<height>6</height>
				<texture>separator.png</texture>
			</control>
			<control type="grouplist" id="6100">
				<defaultcontrol>6101</defaultcontrol>
				<left>638</left>
				<top>352</top>
				<width>639</width>
				<height>509</height>
				<itemgap>0</itemgap>
				<onright>ClearProperty(ShowScreenSettings,home)</onright>
				<onright>9000</onright>
				<onleft>ClearProperty(ShowScreenSettings,home)</onleft>
				<onleft>9000</onleft>
				<control type="button" id="6102">
					<!-- Home menu Settings Menu -->
					<width>639</width>
					<height>69</height>
					<label>$LOCALIZE[31803]</label>
					<font>apptv20</font>
					<onfocus>Skin.SetString(skinsettingmenu,custom)</onfocus>
					<onclick>ActivateWindow(1152,,return)</onclick>
				</control>
				<control type="radiobutton" id="6103">
					<!-- Time On Home Screen toggle -->
					<width>639</width>
					<height>69</height>
					<label>$LOCALIZE[31888]</label>
					<font>apptv20</font>
					<textwidth>1125</textwidth>
					<onclick>Skin.ToggleSetting(home-time)</onclick>
					<onclick>AlarmClock(changehome,ReloadSkin(),00:2,silent)</onclick>
					<selected>!Skin.HasSetting(home-time)</selected>
					<radioposx>1266</radioposx>
				</control>
				<control type="radiobutton" id="6104">
					<!-- Current Weather On Home Screen toggle -->
					<width>639</width>
					<height>69</height>
					<label>$LOCALIZE[31889]</label>
					<font>apptv20</font>
					<textwidth>1125</textwidth>
					<onclick>Skin.ToggleSetting(home-currentweather)</onclick>
					<onclick>AlarmClock(changehome,ReloadSkin(),00:2,silent)</onclick>
					<selected>Skin.HasSetting(home-currentweather)</selected>
					<enable>!String.IsEmpty(Weather.plugin)</enable>
					<radioposx>1266</radioposx>
				</control>
				<control type="button" id="6105">
					<!-- player controls button -->
					<width>639</width>
					<height>69</height>
					<label>$LOCALIZE[16003] $LOCALIZE[478]</label>
					<font>apptv20</font>
					<onclick>SetFocus(9000)</onclick>
					<onclick condition="String.IsEqual(Window(home).Property(ShowScreenSettings),show)">ClearProperty(ShowScreenSettings,home)</onclick>
					<onclick>ActivateWindow(playercontrols)</onclick>
					<visible>Player.HasAudio | Player.HasVideo</visible>
				</control>
			</control>
		</control>
		<control type="group">
			<include content="page-indicator">
				<param name="indicatorleft" value="864" />
				<param name="indicatortop" value="-10" />
				<param name="indicatorwidth" value="192" />
				<param name="indicatorheight" value="48" />
				<param name="indicatororientation" value="horizontal" />
				<param name="grp1indicate" value="[ControlGroup(6100).HasFocus()|String.IsEqual(Window(home).Property(ShowScreenSettings),show)]" />
				<param name="grp1visible" value="[!Skin.HasSetting(lock-screensettings)]" />
				<param name="grp2indicate" value="[Skin.HasSetting(homemenu-vertical)+Control.HasFocus(9000)]" />
				<param name="grp2visible" value="[Skin.HasSetting(homemenu-vertical)+[!Skin.HasSetting(lock-screensettings)|!String.IsEqual(Skin.String(show-scrollbar),$LOCALIZE[31877])]]" />
				<param name="grp3indicate" value="[Skin.HasSetting(homemenu-vertical)+Control.HasFocus(23)]" />
				<param name="grp3visible" value="[Skin.HasSetting(homemenu-vertical)+!String.IsEqual(Skin.String(show-scrollbar),$LOCALIZE[31877])]" />
				<param name="grp4indicate" value="[[Skin.HasSetting(homemenu-horizontal)+ControlGroup(9000).HasFocus()]|ControlGroup(9800).HasFocus()]" />
				<param name="grp4visible" value="[Skin.HasSetting(homemenu-horizontal)+!Skin.HasSetting(lock-screensettings)]" />
				<param name="grp5indicate" value="[[Skin.HasSetting(homemenu-icon)+Control.HasFocus(9000)]|ControlGroup(9800).HasFocus()]" />
				<param name="grp5visible" value="[Skin.HasSetting(homemenu-icon)+!Skin.HasSetting(lock-screensettings)]" />
			</include>
		</control>
	</controls>
</window>