<?xml version="1.0" encoding="utf-8"?>
<includes>
	<include name="standardweather">
		<control type="group">
			<visible>!Weather.IsFetched | String.EndsWith(Window(weather).Property(Current.ConditionIcon),na.png)</visible>
			<control type="image">
				<left>720</left>
				<top>150</top>
				<width>480</width>
				<height>480</height>
				<texture>icon-weather.png</texture>
				<animation effect="fade" delay="100" start="0" end="100" time="200">Visible</animation>
			</control>
			<control type="label">
				<!-- Current condition -->
				<left>576</left>
				<top>645</top>
				<width>768</width>
				<height>46</height>
				<label>$LOCALIZE[410]</label>
				<wrapmultiline>true</wrapmultiline>
				<font>apptv30</font>
				<align>center</align>
				<aligny>bottom</aligny>
			</control>
			<control type="image">
				<!-- Busy animation -->
				<left>912</left>
				<top>705</top>
				<width>96</width>
				<height>96</height>
				<texture>busy.png</texture>
				<aspectratio>keep</aspectratio>
				<include>busy-spin</include>
			</control>
		</control>
		<control type="group">
			<visible>Weather.IsFetched + !String.EndsWith(Window(weather).Property(Current.ConditionIcon),na.png)</visible>
			<control type="group">
				<!-- Standard Forecast -->
				<visible>[String.IsEqual(Skin.String(weather-view),$LOCALIZE[10508]) | String.IsEmpty(Skin.String(weather-view))]</visible>
				<animation effect="fade" delay="100" start="0" end="100" time="100">Visible</animation>
				<control type="group">
					<left>36</left>
					<top>0</top>
					<control type="multiimage">
						<!-- Todays weather condition icon -->
						<left>63</left>
						<top>135</top>
						<width>384</width>
						<height>384</height>
						<imagepath>$VAR[WeatherIconCurrent]</imagepath>
						<aspectratio>keep</aspectratio>
						<timeperimage>100</timeperimage>
						<randomize>false</randomize>
						<fadetime>1</fadetime>
					</control>
					<control type="label">
						<!-- Current condition -->
						<left>22</left>
						<top>525</top>
						<width>465</width>
						<height>78</height>
						<label>$INFO[Window.Property(Current.Condition)]</label>
						<wrapmultiline>true</wrapmultiline>
						<font>apptv22</font>
						<align>center</align>
						<aligny>bottom</aligny>
					</control>
					<control type="label">
						<!-- Current long condition -->
						<left>510</left>
						<top>165</top>
						<width>675</width>
						<height>384</height>
						<label>$INFO[Window.Property(Current.ConditionLong)]</label>
						<wrapmultiline>true</wrapmultiline>
						<font>apptv22</font>
						<visible>String.Contains(Weather.plugin,weather.ozweather)</visible>
					</control>
					<control type="label">
						<!-- Current temp heading -->
						<left>1343</left>
						<top>135</top>
						<width>225</width>
						<height>105</height>
						<font>Clock</font>
						<align>center</align>
						<aligny>bottom</aligny>
						<label>$INFO[Window.Property(Current.Temperature)]$INFO[System.TemperatureUnits]</label>
						<visible>!String.IsEmpty(Window.Property(Current.Temperature))</visible>
					</control>
					<control type="label">
						<!-- Current temperature range -->
						<left>1343</left>
						<top>255</top>
						<width>225</width>
						<height>57</height>
						<shadowcolor>shadow-text</shadowcolor>
						<label>[COLOR red]$INFO[Window(weather).Property(Day0.HighTemp)][/COLOR] • [COLOR lightblue]$INFO[Window(weather).Property(Day0.LowTemp)][/COLOR]</label>
						<font>apptv38</font>
						<align>center</align>
						<aligny>bottom</aligny>
						<visible>!String.IsEmpty(Window.Property(Day0.HighTemp))</visible>
					</control>
					<control type="label">
						<!-- Current dew heading -->
						<left>1035</left>
						<top>333</top>
						<width>420</width>
						<height>45</height>
						<align>right</align>
						<label>$LOCALIZE[405] :</label>
						<font>apptv22</font>
					</control>
					<control type="label">
						<!-- Current humidity heading -->
						<left>1035</left>
						<top>378</top>
						<width>420</width>
						<height>45</height>
						<align>right</align>
						<label>$LOCALIZE[406] :</label>
						<font>apptv22</font>
					</control>
					<control type="label">
						<!-- Current UV index heading -->
						<left>1035</left>
						<top>423</top>
						<width>420</width>
						<height>45</height>
						<align>right</align>
						<label>$LOCALIZE[403] :</label>
						<font>apptv22</font>
					</control>
					<control type="label">
						<!-- Current Wind heading -->
						<left>1035</left>
						<top>468</top>
						<width>420</width>
						<height>45</height>
						<align>right</align>
						<label>$LOCALIZE[404] :</label>
						<font>apptv22</font>
					</control>
					<control type="label">
						<!-- Sunrise heading -->
						<left>1035</left>
						<top>513</top>
						<width>420</width>
						<height>45</height>
						<align>right</align>
						<label>$LOCALIZE[33027] :</label>
						<font>apptv22</font>
					</control>
					<control type="label">
						<!-- Sunset heading -->
						<left>1035</left>
						<top>558</top>
						<width>420</width>
						<height>45</height>
						<align>right</align>
						<label>$LOCALIZE[33028] :</label>
						<font>apptv22</font>
					</control>
					<control type="label">
						<!-- Current dew value -->
						<left>1470</left>
						<top>333</top>
						<width>549</width>
						<height>45</height>
						<label>$INFO[Window.Property(Current.DewPoint)]$INFO[System.TemperatureUnits]</label>
						<font>apptv22</font>
						<visible>!String.IsEmpty(Window.Property(Current.DewPoint))</visible>
					</control>
					<control type="label">
						<!-- Current humidity value -->
						<left>1470</left>
						<top>378</top>
						<width>549</width>
						<height>45</height>
						<label>$INFO[Window.Property(Current.Humidity)]</label>
						<font>apptv22</font>
					</control>
					<control type="label">
						<!-- Current UV index value -->
						<left>1470</left>
						<top>423</top>
						<width>549</width>
						<height>45</height>
						<label>$INFO[Window.Property(Current.UVIndex)]</label>
						<font>apptv22</font>
					</control>
					<control type="label">
						<!-- Current wind value -->
						<left>1470</left>
						<top>468</top>
						<width>549</width>
						<height>45</height>
						<label>$INFO[Window.Property(Current.Wind)]</label>
						<font>apptv22</font>
					</control>
					<control type="label">
						<!-- Sunrise value -->
						<left>1470</left>
						<top>513</top>
						<width>420</width>
						<height>45</height>
						<label>$VAR[WeatherSunrise]</label>
						<font>apptv22</font>
					</control>
					<control type="label">
						<!-- Sunset value -->
						<left>1470</left>
						<top>558</top>
						<width>420</width>
						<height>45</height>
						<label>$VAR[WeatherSunset]</label>
						<font>apptv22</font>
					</control>
					<control type="image">
						<left>0</left>
						<top>615</top>
						<width>1848</width>
						<height>6</height>
						<texture>separator.png</texture>
					</control>
				</control>
				<control type="group">
					<animation effect="slide" end="315,0" condition="String.EndsWith(Window(weather).Property(Day5.OutlookIcon),na.png)" reversible="true">Conditional</animation>
					<animation effect="slide" end="158,0" condition="String.EndsWith(Window(weather).Property(Day6.OutlookIcon),na.png) + !String.EndsWith(Window(weather).Property(Day5.OutlookIcon),na.png)" reversible="true">Conditional</animation>
					<control type="group">
						<!-- Day 1 -->
						<left>15</left>
						<top>645</top>
						<control type="label">
							<left>8</left>
							<top>45</top>
							<height>39</height>
							<width>300</width>
							<label>$INFO[Window(weather).Property(Day1.Title)]</label>
							<align>center</align>
							<include condition="Skin.HasSetting(text-autoscroll)">scrolltext</include>
						</control>
						<control type="multiimage">
							<!-- Day 1 weather condition icon -->
							<left>98</left>
							<top>102</top>
							<width>120</width>
							<height>120</height>
							<imagepath>$VAR[WeatherIconDay1]</imagepath>
							<aspectratio>keep</aspectratio>
							<timeperimage>100</timeperimage>
							<randomize>false</randomize>
							<fadetime>1</fadetime>
						</control>
						<control type="label">
							<!-- Day 1 temperature range -->
							<left>8</left>
							<top>225</top>
							<height>57</height>
							<width>300</width>
							<shadowcolor>shadow-text</shadowcolor>
							<label>[COLOR red]$INFO[Window(weather).Property(Day1.HighTemp)][/COLOR] • [COLOR lightblue]$INFO[Window(weather).Property(Day1.LowTemp)][/COLOR]</label>
							<align>center</align>
							<font>apptv25</font>
						</control>
						<control type="label">
							<left>8</left>
							<top>276</top>
							<height>63</height>
							<width>300</width>
							<label>$INFO[Window(weather).Property(Day1.Outlook)]</label>
							<align>center</align>
							<wrapmultiline>true</wrapmultiline>
							<include condition="Skin.HasSetting(text-autoscroll)">scrolltext</include>
							<font>apptv20</font>
						</control>
					</control>
					<control type="group">
						<!-- Day 2 -->
						<left>330</left>
						<top>645</top>
						<control type="label">
							<left>8</left>
							<top>45</top>
							<height>39</height>
							<width>300</width>
							<label>$INFO[Window(weather).Property(Day2.Title)]</label>
							<align>center</align>
							<include condition="Skin.HasSetting(text-autoscroll)">scrolltext</include>
						</control>
						<control type="multiimage">
							<!-- Day 2 weather condition icon -->
							<left>98</left>
							<top>102</top>
							<width>120</width>
							<height>120</height>
							<imagepath>$VAR[WeatherIconDay2]</imagepath>
							<aspectratio>keep</aspectratio>
							<timeperimage>100</timeperimage>
							<randomize>false</randomize>
							<fadetime>1</fadetime>
						</control>
						<control type="label">
							<!-- Day 2 temperature range -->
							<left>8</left>
							<top>225</top>
							<height>57</height>
							<width>300</width>
							<shadowcolor>shadow-text</shadowcolor>
							<label>[COLOR red]$INFO[Window(weather).Property(Day2.HighTemp)][/COLOR] • [COLOR lightblue]$INFO[Window(weather).Property(Day2.LowTemp)][/COLOR]</label>
							<align>center</align>
							<font>apptv25</font>
						</control>
						<control type="label">
							<left>8</left>
							<top>276</top>
							<height>63</height>
							<width>300</width>
							<label>$INFO[Window(weather).Property(Day2.Outlook)]</label>
							<align>center</align>
							<wrapmultiline>true</wrapmultiline>
							<include condition="Skin.HasSetting(text-autoscroll)">scrolltext</include>
							<font>apptv20</font>
						</control>
					</control>
					<control type="group">
						<!-- Day 3 -->
						<left>645</left>
						<top>645</top>
						<control type="label">
							<left>8</left>
							<top>45</top>
							<height>39</height>
							<width>300</width>
							<label>$INFO[Window(weather).Property(Day3.Title)]</label>
							<align>center</align>
							<include condition="Skin.HasSetting(text-autoscroll)">scrolltext</include>
						</control>
						<control type="multiimage">
							<!-- Day 3 weather condition icon -->
							<left>98</left>
							<top>102</top>
							<width>120</width>
							<height>120</height>
							<imagepath>$VAR[WeatherIconDay3]</imagepath>
							<aspectratio>keep</aspectratio>
							<timeperimage>100</timeperimage>
							<randomize>false</randomize>
							<fadetime>1</fadetime>
						</control>
						<control type="label">
							<!-- Day 3 temperature range -->
							<left>8</left>
							<top>225</top>
							<height>57</height>
							<width>300</width>
							<shadowcolor>shadow-text</shadowcolor>
							<label>[COLOR red]$INFO[Window(weather).Property(Day3.HighTemp)][/COLOR] • [COLOR lightblue]$INFO[Window(weather).Property(Day3.LowTemp)][/COLOR]</label>
							<align>center</align>
							<font>apptv25</font>
						</control>
						<control type="label">
							<left>8</left>
							<top>276</top>
							<height>63</height>
							<width>300</width>
							<label>$INFO[Window(weather).Property(Day3.Outlook)]</label>
							<align>center</align>
							<wrapmultiline>true</wrapmultiline>
							<include condition="Skin.HasSetting(text-autoscroll)">scrolltext</include>
							<font>apptv20</font>
						</control>
					</control>
					<control type="group">
						<!-- Day 4 -->
						<left>960</left>
						<top>645</top>
						<control type="label">
							<left>8</left>
							<top>45</top>
							<height>39</height>
							<width>300</width>
							<label>$INFO[Window(weather).Property(Day4.Title)]</label>
							<align>center</align>
							<include condition="Skin.HasSetting(text-autoscroll)">scrolltext</include>
						</control>
						<control type="multiimage">
							<!-- Day 4 weather condition icon -->
							<left>98</left>
							<top>102</top>
							<width>120</width>
							<height>120</height>
							<imagepath>$VAR[WeatherIconDay4]</imagepath>
							<aspectratio>keep</aspectratio>
							<timeperimage>100</timeperimage>
							<randomize>false</randomize>
							<fadetime>1</fadetime>
						</control>
						<control type="label">
							<!-- Day 4 temperature range -->
							<left>8</left>
							<top>225</top>
							<height>57</height>
							<width>300</width>
							<shadowcolor>shadow-text</shadowcolor>
							<label>[COLOR red]$INFO[Window(weather).Property(Day4.HighTemp)][/COLOR] • [COLOR lightblue]$INFO[Window(weather).Property(Day4.LowTemp)][/COLOR]</label>
							<align>center</align>
							<font>apptv25</font>
						</control>
						<control type="label">
							<left>8</left>
							<top>276</top>
							<height>63</height>
							<width>300</width>
							<label>$INFO[Window(weather).Property(Day4.Outlook)]</label>
							<align>center</align>
							<wrapmultiline>true</wrapmultiline>
							<include condition="Skin.HasSetting(text-autoscroll)">scrolltext</include>
							<font>apptv20</font>
						</control>
					</control>
					<control type="group">
						<!-- Day 5 -->
						<left>1275</left>
						<top>645</top>
						<visible>!String.EndsWith(Window(weather).Property(Day5.OutlookIcon),na.png)</visible>
						<control type="label">
							<left>8</left>
							<top>45</top>
							<height>39</height>
							<width>300</width>
							<label>$INFO[Window(weather).Property(Day5.Title)]</label>
							<align>center</align>
							<include condition="Skin.HasSetting(text-autoscroll)">scrolltext</include>
						</control>
						<control type="multiimage">
							<!-- Day 5 weather condition icon -->
							<left>98</left>
							<top>102</top>
							<width>120</width>
							<height>120</height>
							<imagepath>$VAR[WeatherIconDay5]</imagepath>
							<aspectratio>keep</aspectratio>
							<timeperimage>100</timeperimage>
							<randomize>false</randomize>
							<fadetime>1</fadetime>
						</control>
						<control type="label">
							<!-- Day 5 temperature range -->
							<left>8</left>
							<top>225</top>
							<height>57</height>
							<width>300</width>
							<shadowcolor>shadow-text</shadowcolor>
							<label>[COLOR red]$INFO[Window(weather).Property(Day5.HighTemp)][/COLOR] • [COLOR lightblue]$INFO[Window(weather).Property(Day5.LowTemp)][/COLOR]</label>
							<align>center</align>
							<font>apptv25</font>
						</control>
						<control type="label">
							<left>8</left>
							<top>276</top>
							<height>63</height>
							<width>300</width>
							<label>$INFO[Window(weather).Property(Day5.Outlook)]</label>
							<align>center</align>
							<wrapmultiline>true</wrapmultiline>
							<include condition="Skin.HasSetting(text-autoscroll)">scrolltext</include>
							<font>apptv20</font>
						</control>
					</control>
					<control type="group">
						<!-- Day 6 -->
						<left>1590</left>
						<top>645</top>
						<visible>!String.EndsWith(Window(weather).Property(Day6.OutlookIcon),na.png)</visible>
						<control type="label">
							<left>8</left>
							<top>45</top>
							<height>39</height>
							<width>300</width>
							<label>$INFO[Window(weather).Property(Day6.Title)]</label>
							<align>center</align>
							<include condition="Skin.HasSetting(text-autoscroll)">scrolltext</include>
						</control>
						<control type="multiimage">
							<!-- Day 6 weather condition icon -->
							<left>98</left>
							<top>102</top>
							<width>120</width>
							<height>120</height>
							<imagepath>$VAR[WeatherIconDay6]</imagepath>
							<aspectratio>keep</aspectratio>
							<timeperimage>100</timeperimage>
							<randomize>false</randomize>
							<fadetime>1</fadetime>
						</control>
						<control type="label">
							<!-- Day 6 temperature range -->
							<left>8</left>
							<top>225</top>
							<height>57</height>
							<width>300</width>
							<shadowcolor>shadow-text</shadowcolor>
							<label>[COLOR red]$INFO[Window(weather).Property(Day6.HighTemp)][/COLOR] • [COLOR lightblue]$INFO[Window(weather).Property(Day6.LowTemp)][/COLOR]</label>
							<align>center</align>
							<font>apptv25</font>
						</control>
						<control type="label">
							<left>8</left>
							<top>276</top>
							<height>63</height>
							<width>300</width>
							<label>$INFO[Window(weather).Property(Day6.Outlook)]</label>
							<align>center</align>
							<wrapmultiline>true</wrapmultiline>
							<include condition="Skin.HasSetting(text-autoscroll)">scrolltext</include>
							<font>apptv20</font>
						</control>
					</control>
				</control>
			</control>
		</control>
	</include>
	<include name="ozweather">
		<control type="group">
			<visible>String.IsEqual(Skin.String(weather-view),$LOCALIZE[33035]) + !String.IsEmpty(Window.Property(Current.Temperature))</visible>
			<!-- Maps -->
			<animation effect="fade" delay="100" start="0" end="100" time="100">Visible</animation>
			<!-- Current forecast -->
			<control type="group">
				<control type="label">
					<!-- Current temp heading -->
					<left>1338</left>
					<top>135</top>
					<width>225</width>
					<height>105</height>
					<font>Clock</font>
					<align>center</align>
					<aligny>bottom</aligny>
					<label>$INFO[Window.Property(Current.Temperature)]$INFO[System.TemperatureUnits]</label>
					<visible>!String.IsEmpty(Window(weather).Property(Current.Temperature))</visible>
				</control>
				<control type="label">
					<!-- Current temperature range -->
					<left>1338</left>
					<top>255</top>
					<width>225</width>
					<height>57</height>
					<shadowcolor>shadow-text</shadowcolor>
					<label>[COLOR red]$INFO[Window(weather).Property(Day0.HighTemp)][/COLOR] • [COLOR lightblue]$INFO[Window(weather).Property(Day0.LowTemp)][/COLOR]</label>
					<font>apptv38</font>
					<align>center</align>
					<aligny>bottom</aligny>
					<visible>!String.IsEmpty(Window(weather).Property(Day0.HighTemp))</visible>
				</control>
				<control type="label">
					<!-- Current dew heading -->
					<left>1035</left>
					<top>333</top>
					<width>420</width>
					<height>45</height>
					<align>right</align>
					<label>$LOCALIZE[405] :</label>
					<font>apptv22</font>
				</control>
				<control type="label">
					<!-- Current humidity heading -->
					<left>1035</left>
					<top>378</top>
					<width>420</width>
					<height>45</height>
					<align>right</align>
					<label>$LOCALIZE[406] :</label>
					<font>apptv22</font>
				</control>
				<control type="label">
					<!-- Current UV index heading -->
					<left>1035</left>
					<top>423</top>
					<width>420</width>
					<height>45</height>
					<align>right</align>
					<label>$LOCALIZE[403] :</label>
					<font>apptv22</font>
				</control>
				<control type="label">
					<!-- Current Wind heading -->
					<left>1035</left>
					<top>468</top>
					<width>420</width>
					<height>45</height>
					<align>right</align>
					<label>$LOCALIZE[404] :</label>
					<font>apptv22</font>
				</control>
				<control type="label">
					<!-- Sunrise heading -->
					<left>1035</left>
					<top>513</top>
					<width>420</width>
					<height>45</height>
					<align>right</align>
					<label>$LOCALIZE[33027] :</label>
					<font>apptv22</font>
				</control>
				<control type="label">
					<!-- Sunset heading -->
					<left>1035</left>
					<top>558</top>
					<width>420</width>
					<height>45</height>
					<align>right</align>
					<label>$LOCALIZE[33028] :</label>
					<font>apptv22</font>
				</control>
				<control type="label">
					<!-- Current dew value -->
					<left>1470</left>
					<top>333</top>
					<width>549</width>
					<height>45</height>
					<label>$INFO[Window.Property(Current.DewPoint)]$INFO[System.TemperatureUnits]</label>
					<font>apptv22</font>
					<visible>!String.IsEmpty(Window.Property(Current.DewPoint))</visible>
				</control>
				<control type="label">
					<!-- Current humidity value -->
					<left>1470</left>
					<top>378</top>
					<width>549</width>
					<height>45</height>
					<label>$INFO[Window.Property(Current.Humidity)]</label>
					<font>apptv22</font>
				</control>
				<control type="label">
					<!-- Current UV index value -->
					<left>1470</left>
					<top>423</top>
					<width>549</width>
					<height>45</height>
					<label>$INFO[Window.Property(Current.UVIndex)]</label>
					<font>apptv22</font>
				</control>
				<control type="label">
					<!-- Current wind value -->
					<left>1470</left>
					<top>468</top>
					<width>549</width>
					<height>45</height>
					<label>$INFO[Window.Property(Current.Wind)]</label>
					<font>apptv22</font>
				</control>
				<control type="label">
					<!-- Sunrise value -->
					<left>1470</left>
					<top>513</top>
					<width>420</width>
					<height>45</height>
					<label>$VAR[WeatherSunrise]</label>
					<font>apptv22</font>
				</control>
				<control type="label">
					<!-- Sunset value -->
					<left>1470</left>
					<top>558</top>
					<width>420</width>
					<height>45</height>
					<label>$VAR[WeatherSunset]</label>
					<font>apptv22</font>
				</control>
				<control type="label">
					<!-- Current long condition -->
					<left>1020</left>
					<top>578</top>
					<width>870</width>
					<height>426</height>
					<label>$INFO[Window(weather).Property(Current.ConditionLong)]</label>
					<wrapmultiline>true</wrapmultiline>
					<font>apptv22</font>
					<visible>String.Contains(Weather.plugin,weather.ozweather)</visible>
				</control>
			</control>
			<!-- RADAR BACKGROUND IMAGES -->
			<control type="image">
				<left>126</left>
				<top>180</top>
				<width>768</width>
				<height>819</height>
				<texture>special://profile/addon_data/weather.ozweather/radarbackgrounds/$INFO[Window(weather).Property(Radar)]/legend.png</texture>
			</control>
			<control type="image">
				<left>126</left>
				<top>180</top>
				<width>768</width>
				<height>768</height>
				<texture>special://profile/addon_data/weather.ozweather/radarbackgrounds/$INFO[Window(weather).Property(Radar)]/background.png</texture>
			</control>
			<control type="image">
				<left>126</left>
				<top>180</top>
				<width>768</width>
				<height>768</height>
				<texture>special://profile/addon_data/weather.ozweather/radarbackgrounds/$INFO[Window(weather).Property(Radar)]/topography.png</texture>
			</control>
			<control type="image">
				<left>126</left>
				<top>180</top>
				<width>768</width>
				<height>768</height>
				<texture>special://profile/addon_data/weather.ozweather/radarbackgrounds/$INFO[Window(weather).Property(Radar)]/catchments.png</texture>
			</control>
			<control type="image">
				<left>126</left>
				<top>180</top>
				<width>768</width>
				<height>768</height>
				<texture>special://profile/addon_data/weather.ozweather/radarbackgrounds/$INFO[Window(weather).Property(Radar)]/range.png</texture>
			</control>
			<control type="image">
				<left>126</left>
				<top>180</top>
				<width>768</width>
				<height>768</height>
				<texture>special://profile/addon_data/weather.ozweather/radarbackgrounds/$INFO[Window(weather).Property(Radar)]/locations.png</texture>
			</control>
			<control type="multiimage">
				<!-- Radar Overlay Images -->
				<left>126</left>
				<top>170</top>
				<width>768</width>
				<height>768</height>
				<imagepath>special://profile/addon_data/weather.ozweather/currentloop/$INFO[Window(weather).Property(Radar)]/</imagepath>
				<timeperimage>500</timeperimage>
				<pauseatend>1000</pauseatend>
				<fadetime>0</fadetime>
				<randomize>false</randomize>
				<loop>yes</loop>
			</control>
			<control type="image">
				<!-- Busy animation (Show if no map has been displayed yet) -->
				<left>486</left>
				<top>486</top>
				<width>96</width>
				<height>96</height>
				<texture>busy.png</texture>
				<aspectratio>keep</aspectratio>
				<animation effect="fade" start="0" end="100" time="100" delay="10000">Visible</animation>
				<animation effect="rotate" start="360" end="0" center="auto" time="5400" loop="true" condition="true">conditional</animation>
				<visible>String.IsEmpty(Window(weather).Property(Radar))</visible>
			</control>
		</control>
	</include>
	<include name="openweatherextended">
		<control type="group">
			<visible>String.IsEqual(Skin.String(weather-view),$LOCALIZE[33037]) + !String.IsEmpty(Window(weather).Property(Current.Temperature))</visible>
			<!-- Weekend -->
			<animation effect="fade" delay="100" start="0" end="100" time="100">Visible</animation>
			<control type="group">
				<!-- Weekend 1 -->
				<left>150</left>
				<top>135</top>
				<control type="label">
					<left>0</left>
					<top>0</top>
					<width>750</width>
					<height>45</height>
					<align>center</align>
					<font>apptv30</font>
					<label>$INFO[Window(weather).Property(Weekend.1.LongDay)]</label>
				</control>
				<control type="label">
					<left>0</left>
					<top>60</top>
					<width>750</width>
					<height>34</height>
					<align>center</align>
					<font>apptv22</font>
					<label>$INFO[Window(weather).Property(Weekend.1.LongDate)]</label>
				</control>
				<control type="multiimage">
					<!-- Weekend Day 1 weather condition icon -->
					<left>183</left>
					<top>105</top>
					<width>384</width>
					<height>384</height>
					<imagepath>$VAR[WeatherIconWeekend1]</imagepath>
					<timeperimage>100</timeperimage>
					<randomize>false</randomize>
					<fadetime>1</fadetime>
				</control>
				<control type="label">
					<left>0</left>
					<top>255</top>
					<width>188</width>
					<height>57</height>
					<align>center</align>
					<font>apptv38</font>
					<shadowcolor>shadow-text</shadowcolor>
					<label>[COLOR red]$INFO[Window(weather).Property(Weekend.1.HighTemperature)][/COLOR]</label>
				</control>
				<control type="label">
					<left>562</left>
					<top>255</top>
					<width>188</width>
					<height>57</height>
					<align>center</align>
					<font>apptv38</font>
					<shadowcolor>shadow-text</shadowcolor>
					<label>[COLOR lightblue]$INFO[Window(weather).Property(Weekend.1.LowTemperature)][/COLOR]</label>
				</control>
				<control type="label">
					<left>0</left>
					<top>495</top>
					<width>750</width>
					<height>38</height>
					<align>center</align>
					<font>apptv25</font>
					<label>$INFO[Window(weather).Property(Weekend.1.Outlook)]</label>
				</control>
				<control type="label">
					<left>0</left>
					<top>570</top>
					<width>750</width>
					<height>30</height>
					<align>center</align>
					<font>apptv20</font>
					<label>$LOCALIZE[33021]: [B]$INFO[Window(weather).Property(Weekend.1.Precipitation)][/B]</label>
				</control>
				<control type="label">
					<left>0</left>
					<top>615</top>
					<width>750</width>
					<height>30</height>
					<align>center</align>
					<font>apptv20</font>
					<label>$LOCALIZE[404]: [B]$INFO[Window(weather).Property(Weekend.1.WindSpeed)] $INFO[Window.Property(Weekend.1.WindDirection)][/B]</label>
				</control>
				<control type="label">
					<left>0</left>
					<top>660</top>
					<width>750</width>
					<height>30</height>
					<align>center</align>
					<font>apptv20</font>
					<label>$LOCALIZE[406]: [B]$INFO[Window(weather).Property(Weekend.1.Humidity)][/B]</label>
				</control>
				<control type="label">
					<left>0</left>
					<top>705</top>
					<width>750</width>
					<height>30</height>
					<align>center</align>
					<font>apptv20</font>
					<label>$LOCALIZE[405]: [B]$INFO[Window(weather).Property(Weekend.1.DewPoint)][/B]</label>
				</control>
				<control type="label">
					<left>0</left>
					<top>750</top>
					<width>750</width>
					<height>30</height>
					<align>center</align>
					<font>apptv20</font>
					<label>$LOCALIZE[402]: [B]$INFO[Window(weather).Property(Weekend.1.FeelsLike)][/B]</label>
				</control>
				<control type="label">
					<left>0</left>
					<top>795</top>
					<width>750</width>
					<height>30</height>
					<align>center</align>
					<font>apptv20</font>
					<label>$LOCALIZE[387]: [B]$INFO[Window(weather).Property(Weekend.1.Cloudiness)][/B]</label>
				</control>
			</control>
			<control type="group">
				<!-- Weekend 2 -->
				<left>1017</left>
				<top>135</top>
				<control type="label">
					<left>0</left>
					<top>0</top>
					<width>750</width>
					<height>45</height>
					<align>center</align>
					<font>apptv30</font>
					<label>$INFO[Window(weather).Property(Weekend.2.LongDay)]</label>
				</control>
				<control type="label">
					<left>0</left>
					<top>60</top>
					<width>750</width>
					<height>34</height>
					<align>center</align>
					<font>apptv22</font>
					<label>$INFO[Window(weather).Property(Weekend.2.LongDate)]</label>
				</control>
				<control type="multiimage">
					<!-- Weekend Day 2 weather condition icon -->
					<left>183</left>
					<top>105</top>
					<width>384</width>
					<height>384</height>
					<imagepath>$VAR[WeatherIconWeekend2]</imagepath>
					<timeperimage>100</timeperimage>
					<randomize>false</randomize>
					<fadetime>1</fadetime>
				</control>
				<control type="label">
					<left>0</left>
					<top>255</top>
					<width>188</width>
					<height>57</height>
					<align>center</align>
					<font>apptv38</font>
					<shadowcolor>shadow-text</shadowcolor>
					<label>[COLOR red]$INFO[Window(weather).Property(Weekend.2.HighTemperature)][/COLOR]</label>
				</control>
				<control type="label">
					<left>562</left>
					<top>255</top>
					<width>188</width>
					<height>57</height>
					<align>center</align>
					<font>apptv38</font>
					<shadowcolor>shadow-text</shadowcolor>
					<label>[COLOR lightblue]$INFO[Window(weather).Property(Weekend.2.LowTemperature)][/COLOR]</label>
				</control>
				<control type="label">
					<left>0</left>
					<top>495</top>
					<width>750</width>
					<height>38</height>
					<align>center</align>
					<font>apptv25</font>
					<label>$INFO[Window(weather).Property(Weekend.2.Outlook)]</label>
				</control>
				<control type="label">
					<left>0</left>
					<top>570</top>
					<width>750</width>
					<height>30</height>
					<align>center</align>
					<font>apptv20</font>
					<label>$LOCALIZE[33021]: [B]$INFO[Window(weather).Property(Weekend.2.Precipitation)][/B]</label>
				</control>
				<control type="label">
					<left>0</left>
					<top>615</top>
					<width>750</width>
					<height>30</height>
					<align>center</align>
					<font>apptv20</font>
					<label>$LOCALIZE[404]: [B]$INFO[Window(weather).Property(Weekend.2.WindSpeed)] $INFO[Window.Property(Weekend.2.WindDirection)][/B]</label>
				</control>
				<control type="label">
					<left>0</left>
					<top>660</top>
					<width>750</width>
					<height>30</height>
					<align>center</align>
					<font>apptv20</font>
					<label>$LOCALIZE[406]: [B]$INFO[Window(weather).Property(Weekend.2.Humidity)][/B]</label>
				</control>
				<control type="label">
					<left>0</left>
					<top>705</top>
					<width>750</width>
					<height>30</height>
					<align>center</align>
					<font>apptv20</font>
					<label>$LOCALIZE[405]: [B]$INFO[Window(weather).Property(Weekend.2.DewPoint)][/B]</label>
				</control>
				<control type="label">
					<left>0</left>
					<top>750</top>
					<width>750</width>
					<height>30</height>
					<align>center</align>
					<font>apptv20</font>
					<label>$LOCALIZE[402]: [B]$INFO[Window(weather).Property(Weekend.2.FeelsLike)][/B]</label>
				</control>
				<control type="label">
					<left>0</left>
					<top>795</top>
					<width>750</width>
					<height>30</height>
					<align>center</align>
					<font>apptv20</font>
					<label>$LOCALIZE[387]: [B]$INFO[Window(weather).Property(Weekend.2.Cloudiness)][/B]</label>
				</control>
			</control>
		</control>
		<control type="group">
			<visible>String.IsEqual(Skin.String(weather-view),$LOCALIZE[33034]) + !String.IsEmpty(Window(weather).Property(Hourly.IsFetched))</visible>
			<!-- 36 Hour -->
			<animation effect="fade" delay="100" start="0" end="100" time="100">Visible</animation>
			<control type="group">
				<control type="group">
					<!-- 36 Hour 1 -->
					<left>92</left>
					<top>105</top>
					<control type="label">
						<left>0</left>
						<top>30</top>
						<width>579</width>
						<height>45</height>
						<align>center</align>
						<font>apptv30</font>
						<label>$INFO[Window(weather).Property(36Hour.1.Heading)]</label>
					</control>
					<control type="multiimage">
						<!-- 36 hour 1 weather condition icon -->
						<left>98</left>
						<top>81</top>
						<width>384</width>
						<height>384</height>
						<imagepath>$VAR[WeatherIcon36Hour1]</imagepath>
						<timeperimage>100</timeperimage>
						<randomize>false</randomize>
						<fadetime>1</fadetime>
					</control>
					<control type="label">
						<left>0</left>
						<top>465</top>
						<width>579</width>
						<height>38</height>
						<align>center</align>
						<font>apptv25</font>
						<label>$INFO[Window(weather).Property(36Hour.1.Outlook)]</label>
					</control>
					<control type="label">
						<left>0</left>
						<top>540</top>
						<width>290</width>
						<height>34</height>
						<align>center</align>
						<font>apptv23</font>
						<label>$INFO[Window(weather).Property(36Hour.1.TemperatureHeading)]</label>
					</control>
					<control type="label">
						<left>0</left>
						<top>585</top>
						<width>290</width>
						<height>34</height>
						<align>center</align>
						<font>apptv22</font>
						<label>$INFO[Window(weather).Property(36Hour.1.Temperature)]</label>
					</control>
					<control type="label">
						<left>290</left>
						<top>540</top>
						<width>290</width>
						<height>34</height>
						<align>center</align>
						<font>apptv23</font>
						<label>$LOCALIZE[33021]</label>
					</control>
					<control type="label">
						<left>290</left>
						<top>585</top>
						<width>290</width>
						<height>34</height>
						<align>center</align>
						<font>apptv22</font>
						<label>$INFO[Window(weather).Property(36Hour.1.Precipitation)]</label>
					</control>
					<control type="label">
						<left>0</left>
						<top>660</top>
						<width>290</width>
						<height>34</height>
						<align>center</align>
						<font>apptv23</font>
						<label>$LOCALIZE[404]</label>
					</control>
					<control type="label">
						<left>0</left>
						<top>705</top>
						<width>290</width>
						<height>34</height>
						<align>center</align>
						<font>apptv22</font>
						<label>$INFO[Window(weather).Property(36Hour.1.WindSpeed)]</label>
					</control>
					<control type="label">
						<left>290</left>
						<top>660</top>
						<width>290</width>
						<height>34</height>
						<align>center</align>
						<font>apptv23</font>
						<label>$LOCALIZE[406]</label>
					</control>
					<control type="label">
						<left>290</left>
						<top>705</top>
						<width>290</width>
						<height>34</height>
						<align>center</align>
						<font>apptv22</font>
						<label>$INFO[Window(weather).Property(36Hour.1.Humidity)]</label>
					</control>
					<control type="label">
						<left>0</left>
						<top>780</top>
						<width>290</width>
						<height>34</height>
						<align>center</align>
						<font>apptv23</font>
						<label>$LOCALIZE[387]</label>
					</control>
					<control type="label">
						<left>0</left>
						<top>825</top>
						<width>290</width>
						<height>34</height>
						<align>center</align>
						<font>apptv22</font>
						<label>$INFO[Window(weather).Property(36Hour.1.Cloudiness)]</label>
					</control>
					<control type="label">
						<left>290</left>
						<top>780</top>
						<width>290</width>
						<height>34</height>
						<align>center</align>
						<font>apptv23</font>
						<label>$LOCALIZE[402]</label>
					</control>
					<control type="label">
						<left>290</left>
						<top>825</top>
						<width>290</width>
						<height>34</height>
						<align>center</align>
						<font>apptv22</font>
						<label>$INFO[Window(weather).Property(36Hour.1.FeelsLike)]</label>
					</control>
				</control>
				<control type="group">
					<!-- 36 Hour 2 -->
					<left>670</left>
					<top>105</top>
					<control type="label">
						<left>0</left>
						<top>30</top>
						<width>579</width>
						<height>45</height>
						<align>center</align>
						<font>apptv30</font>
						<label>$INFO[Window(weather).Property(36Hour.2.Heading)]</label>
					</control>
					<control type="multiimage">
						<!-- 36 hour 2 weather condition icon -->
						<left>98</left>
						<top>81</top>
						<width>384</width>
						<height>384</height>
						<imagepath>$VAR[WeatherIcon36Hour2]</imagepath>
						<timeperimage>100</timeperimage>
						<randomize>false</randomize>
						<fadetime>1</fadetime>
					</control>
					<control type="label">
						<left>0</left>
						<top>465</top>
						<width>579</width>
						<height>38</height>
						<align>center</align>
						<font>apptv25</font>
						<label>$INFO[Window(weather).Property(36Hour.2.Outlook)]</label>
					</control>
					<control type="label">
						<left>0</left>
						<top>540</top>
						<width>290</width>
						<height>34</height>
						<align>center</align>
						<font>apptv23</font>
						<label>$INFO[Window(weather).Property(36Hour.2.TemperatureHeading)]</label>
					</control>
					<control type="label">
						<left>290</left>
						<top>540</top>
						<width>290</width>
						<height>34</height>
						<align>center</align>
						<font>apptv23</font>
						<label>$LOCALIZE[33021]</label>
					</control>
					<control type="label">
						<left>0</left>
						<top>585</top>
						<width>290</width>
						<height>34</height>
						<align>center</align>
						<font>apptv22</font>
						<label>$INFO[Window(weather).Property(36Hour.2.Temperature)]</label>
					</control>
					<control type="label">
						<left>290</left>
						<top>585</top>
						<width>290</width>
						<height>34</height>
						<align>center</align>
						<font>apptv22</font>
						<label>$INFO[Window(weather).Property(36Hour.2.Precipitation)]</label>
					</control>
					<control type="label">
						<left>0</left>
						<top>660</top>
						<width>290</width>
						<height>34</height>
						<align>center</align>
						<font>apptv23</font>
						<label>$LOCALIZE[404]</label>
					</control>
					<control type="label">
						<left>290</left>
						<top>660</top>
						<width>290</width>
						<height>34</height>
						<align>center</align>
						<font>apptv23</font>
						<label>$LOCALIZE[406]</label>
					</control>
					<control type="label">
						<left>0</left>
						<top>705</top>
						<width>290</width>
						<height>34</height>
						<align>center</align>
						<font>apptv22</font>
						<label>$INFO[Window(weather).Property(36Hour.2.WindSpeed)]</label>
					</control>
					<control type="label">
						<left>290</left>
						<top>705</top>
						<width>290</width>
						<height>34</height>
						<align>center</align>
						<font>apptv22</font>
						<label>$INFO[Window(weather).Property(36Hour.2.Humidity)]</label>
					</control>
					<control type="label">
						<left>0</left>
						<top>780</top>
						<width>290</width>
						<height>34</height>
						<align>center</align>
						<font>apptv23</font>
						<label>$LOCALIZE[387]</label>
					</control>
					<control type="label">
						<left>290</left>
						<top>780</top>
						<width>290</width>
						<height>34</height>
						<align>center</align>
						<font>apptv23</font>
						<label>$LOCALIZE[402]</label>
					</control>
					<control type="label">
						<left>0</left>
						<top>825</top>
						<width>290</width>
						<height>34</height>
						<align>center</align>
						<font>apptv22</font>
						<label>$INFO[Window(weather).Property(36Hour.2.Cloudiness)]</label>
					</control>
					<control type="label">
						<left>290</left>
						<top>825</top>
						<width>290</width>
						<height>34</height>
						<align>center</align>
						<font>apptv22</font>
						<label>$INFO[Window(weather).Property(36Hour.2.FeelsLike)]</label>
					</control>
				</control>
				<control type="group">
					<!-- 36 Hour 3 -->
					<left>1250</left>
					<top>105</top>
					<control type="label">
						<left>0</left>
						<top>30</top>
						<width>579</width>
						<height>45</height>
						<align>center</align>
						<font>apptv30</font>
						<label>$INFO[Window(weather).Property(36Hour.3.Heading)]</label>
					</control>
					<control type="multiimage">
						<!-- 36 hour 3 weather condition icon -->
						<left>98</left>
						<top>81</top>
						<width>384</width>
						<height>384</height>
						<imagepath>$VAR[WeatherIcon36Hour3]</imagepath>
						<timeperimage>100</timeperimage>
						<randomize>false</randomize>
						<fadetime>1</fadetime>
					</control>
					<control type="label">
						<left>0</left>
						<top>465</top>
						<width>579</width>
						<height>38</height>
						<align>center</align>
						<font>apptv25</font>
						<label>$INFO[Window(weather).Property(36Hour.3.Outlook)]</label>
					</control>
					<control type="label">
						<left>0</left>
						<top>540</top>
						<width>290</width>
						<height>34</height>
						<align>center</align>
						<font>apptv23</font>
						<label>$INFO[Window(weather).Property(36Hour.3.TemperatureHeading)]</label>
					</control>
					<control type="label">
						<left>290</left>
						<top>540</top>
						<width>290</width>
						<height>34</height>
						<align>center</align>
						<font>apptv23</font>
						<label>$LOCALIZE[33021]</label>
					</control>
					<control type="label">
						<left>0</left>
						<top>585</top>
						<width>290</width>
						<height>34</height>
						<align>center</align>
						<font>apptv22</font>
						<label>$INFO[Window(weather).Property(36Hour.3.Temperature)]</label>
					</control>
					<control type="label">
						<left>290</left>
						<top>585</top>
						<width>290</width>
						<height>34</height>
						<align>center</align>
						<font>apptv22</font>
						<label>$INFO[Window(weather).Property(36Hour.3.Precipitation)]</label>
					</control>
					<control type="label">
						<left>0</left>
						<top>660</top>
						<width>290</width>
						<height>34</height>
						<align>center</align>
						<font>apptv23</font>
						<label>$LOCALIZE[404]</label>
					</control>
					<control type="label">
						<left>290</left>
						<top>660</top>
						<width>290</width>
						<height>34</height>
						<align>center</align>
						<font>apptv23</font>
						<label>$LOCALIZE[406]</label>
					</control>
					<control type="label">
						<left>0</left>
						<top>705</top>
						<width>290</width>
						<height>34</height>
						<align>center</align>
						<font>apptv22</font>
						<label>$INFO[Window(weather).Property(36Hour.3.WindSpeed)]</label>
					</control>
					<control type="label">
						<left>290</left>
						<top>705</top>
						<width>290</width>
						<height>34</height>
						<align>center</align>
						<font>apptv22</font>
						<label>$INFO[Window(weather).Property(36Hour.3.Humidity)]</label>
					</control>
					<control type="label">
						<left>0</left>
						<top>780</top>
						<width>290</width>
						<height>34</height>
						<align>center</align>
						<font>apptv23</font>
						<label>$LOCALIZE[387]</label>
					</control>
					<control type="label">
						<left>290</left>
						<top>780</top>
						<width>290</width>
						<height>34</height>
						<align>center</align>
						<font>apptv23</font>
						<label>$LOCALIZE[402]</label>
					</control>
					<control type="label">
						<left>0</left>
						<top>825</top>
						<width>290</width>
						<height>34</height>
						<align>center</align>
						<font>apptv22</font>
						<label>$INFO[Window(weather).Property(36Hour.3.Cloudiness)]</label>
					</control>
					<control type="label">
						<left>290</left>
						<top>825</top>
						<width>290</width>
						<height>34</height>
						<align>center</align>
						<font>apptv22</font>
						<label>$INFO[Window(weather).Property(36Hour.3.FeelsLike)]</label>
					</control>
				</control>
			</control>
		</control>
		<control type="group">
			<visible>String.IsEqual(Skin.String(weather-view),$LOCALIZE[33036]) + !String.IsEmpty(Window(weather).Property(Hourly.IsFetched))</visible>
			<!-- Hourly -->
			<animation effect="fade" delay="100" start="0" end="100" time="100">Visible</animation>
			<control type="group">
				<!-- Hourly 1 -->
				<left>15</left>
				<top>135</top>
				<control type="label">
					<left>8</left>
					<top>0</top>
					<width>458</width>
					<height>33</height>
					<align>center</align>
					<font>apptv22</font>
					<label>[B]$INFO[Window(weather).Property(Hourly.1.Time)]$INFO[Window(weather).Property(Hourly.1.ShortDate), - ][/B]</label>
				</control>
				<control type="label">
					<left>8</left>
					<top>36</top>
					<width>458</width>
					<height>30</height>
					<align>center</align>
					<font>apptv20</font>
					<label>$INFO[Window(weather).Property(Hourly.1.Outlook)]</label>
				</control>
				<control type="label">
					<left>8</left>
					<top>123</top>
					<width>162</width>
					<height>45</height>
					<align>center</align>
					<aligny>center</aligny>
					<font>apptv30</font>
					<label>$INFO[Window(weather).Property(Hourly.1.Temperature)]</label>
				</control>
				<control type="multiimage">
					<!-- Hourly 1 condition icon -->
					<left>162</left>
					<top>69</top>
					<width>144</width>
					<height>144</height>
					<imagepath>$VAR[WeatherIconHourly1]</imagepath>
					<timeperimage>100</timeperimage>
					<randomize>false</randomize>
					<fadetime>1</fadetime>
				</control>
				<control type="label">
					<left>315</left>
					<top>114</top>
					<width>150</width>
					<height>60</height>
					<align>center</align>
					<aligny>center</aligny>
					<font>apptv20</font>
					<label>$INFO[Window(weather).Property(Hourly.1.Precipitation),$LOCALIZE[33022]:[CR]]</label>
				</control>
				<control type="label">
					<left>8</left>
					<top>213</top>
					<width>458</width>
					<height>60</height>
					<align>center</align>
					<font>apptv20</font>
					<label>$INFO[Window(weather).Property(Hourly.1.Windspeed),$LOCALIZE[404]: ] $INFO[Window(weather).Property(Hourly.1.WindDirection)]</label>
				</control>
			</control>
			<control type="group">
				<!-- Hourly 2 -->
				<left>488</left>
				<top>135</top>
				<control type="label">
					<left>8</left>
					<top>0</top>
					<width>458</width>
					<height>33</height>
					<align>center</align>
					<font>apptv22</font>
					<label>[B]$INFO[Window(weather).Property(Hourly.2.Time)]$INFO[Window(weather).Property(Hourly.2.ShortDate), - ][/B]</label>
				</control>
				<control type="label">
					<left>8</left>
					<top>36</top>
					<width>458</width>
					<height>30</height>
					<align>center</align>
					<font>apptv20</font>
					<label>$INFO[Window(weather).Property(Hourly.2.Outlook)]</label>
				</control>
				<control type="label">
					<left>8</left>
					<top>123</top>
					<width>162</width>
					<height>45</height>
					<align>center</align>
					<aligny>center</aligny>
					<font>apptv30</font>
					<label>$INFO[Window(weather).Property(Hourly.2.Temperature)]</label>
				</control>
				<control type="multiimage">
					<!-- Hourly 2 condition icon -->
					<left>162</left>
					<top>69</top>
					<width>144</width>
					<height>144</height>
					<imagepath>$VAR[WeatherIconHourly2]</imagepath>
					<timeperimage>100</timeperimage>
					<randomize>false</randomize>
					<fadetime>1</fadetime>
				</control>
				<control type="label">
					<left>315</left>
					<top>114</top>
					<width>150</width>
					<height>60</height>
					<align>center</align>
					<aligny>center</aligny>
					<font>apptv20</font>
					<label>$INFO[Window(weather).Property(Hourly.2.Precipitation),$LOCALIZE[33022]:[CR]]</label>
				</control>
				<control type="label">
					<left>8</left>
					<top>213</top>
					<width>458</width>
					<height>60</height>
					<align>center</align>
					<font>apptv20</font>
					<label>$INFO[Window(weather).Property(Hourly.2.Windspeed),$LOCALIZE[404]: ] $INFO[Window(weather).Property(Hourly.2.WindDirection)]</label>
				</control>
			</control>
			<control type="group">
				<!-- Hourly 3 -->
				<left>960</left>
				<top>135</top>
				<control type="label">
					<left>8</left>
					<top>0</top>
					<width>458</width>
					<height>33</height>
					<align>center</align>
					<font>apptv22</font>
					<label>[B]$INFO[Window(weather).Property(Hourly.3.Time)]$INFO[Window(weather).Property(Hourly.3.ShortDate), - ][/B]</label>
				</control>
				<control type="label">
					<left>8</left>
					<top>36</top>
					<width>458</width>
					<height>30</height>
					<align>center</align>
					<font>apptv20</font>
					<label>$INFO[Window(weather).Property(Hourly.3.Outlook)]</label>
				</control>
				<control type="label">
					<left>8</left>
					<top>123</top>
					<width>162</width>
					<height>45</height>
					<align>center</align>
					<aligny>center</aligny>
					<font>apptv30</font>
					<label>$INFO[Window(weather).Property(Hourly.3.Temperature)]</label>
				</control>
				<control type="multiimage">
					<!-- Hourly 3 condition icon -->
					<left>162</left>
					<top>69</top>
					<width>144</width>
					<height>144</height>
					<imagepath>$VAR[WeatherIconHourly3]</imagepath>
					<timeperimage>100</timeperimage>
					<randomize>false</randomize>
					<fadetime>1</fadetime>
				</control>
				<control type="label">
					<left>315</left>
					<top>114</top>
					<width>150</width>
					<height>60</height>
					<align>center</align>
					<aligny>center</aligny>
					<font>apptv20</font>
					<label>$INFO[Window(weather).Property(Hourly.3.Precipitation),$LOCALIZE[33022]:[CR]]</label>
				</control>
				<control type="label">
					<left>8</left>
					<top>213</top>
					<width>458</width>
					<height>60</height>
					<align>center</align>
					<font>apptv20</font>
					<label>$INFO[Window(weather).Property(Hourly.3.Windspeed),$LOCALIZE[404]: ] $INFO[Window(weather).Property(Hourly.3.WindDirection)]</label>
				</control>
			</control>
			<control type="group">
				<!-- Hourly 4 -->
				<left>1432</left>
				<top>135</top>
				<control type="label">
					<left>8</left>
					<top>0</top>
					<width>458</width>
					<height>33</height>
					<align>center</align>
					<font>apptv22</font>
					<label>[B]$INFO[Window(weather).Property(Hourly.4.Time)]$INFO[Window(weather).Property(Hourly.4.ShortDate), - ][/B]</label>
				</control>
				<control type="label">
					<left>8</left>
					<top>36</top>
					<width>458</width>
					<height>30</height>
					<align>center</align>
					<font>apptv20</font>
					<label>$INFO[Window(weather).Property(Hourly.4.Outlook)]</label>
				</control>
				<control type="label">
					<left>8</left>
					<top>123</top>
					<width>162</width>
					<height>45</height>
					<align>center</align>
					<aligny>center</aligny>
					<font>apptv30</font>
					<label>$INFO[Window(weather).Property(Hourly.4.Temperature)]</label>
				</control>
				<control type="multiimage">
					<!-- Hourly 4 condition icon -->
					<left>162</left>
					<top>69</top>
					<width>144</width>
					<height>144</height>
					<imagepath>$VAR[WeatherIconHourly4]</imagepath>
					<timeperimage>100</timeperimage>
					<randomize>false</randomize>
					<fadetime>1</fadetime>
				</control>
				<control type="label">
					<left>315</left>
					<top>114</top>
					<width>150</width>
					<height>60</height>
					<align>center</align>
					<aligny>center</aligny>
					<font>apptv20</font>
					<label>$INFO[Window(weather).Property(Hourly.4.Precipitation),$LOCALIZE[33022]:[CR]]</label>
				</control>
				<control type="label">
					<left>8</left>
					<top>213</top>
					<width>458</width>
					<height>60</height>
					<align>center</align>
					<font>apptv20</font>
					<label>$INFO[Window(weather).Property(Hourly.4.Windspeed),$LOCALIZE[404]: ] $INFO[Window(weather).Property(Hourly.4.WindDirection)]</label>
				</control>
			</control>
			<control type="group">
				<!-- Hourly 5 -->
				<left>15</left>
				<top>429</top>
				<control type="label">
					<left>8</left>
					<top>0</top>
					<width>458</width>
					<height>33</height>
					<align>center</align>
					<font>apptv22</font>
					<label>[B]$INFO[Window(weather).Property(Hourly.5.Time)]$INFO[Window(weather).Property(Hourly.5.ShortDate), - ][/B]</label>
				</control>
				<control type="label">
					<left>8</left>
					<top>36</top>
					<width>458</width>
					<height>30</height>
					<align>center</align>
					<font>apptv20</font>
					<label>$INFO[Window(weather).Property(Hourly.5.Outlook)]</label>
				</control>
				<control type="label">
					<left>8</left>
					<top>123</top>
					<width>162</width>
					<height>45</height>
					<align>center</align>
					<aligny>center</aligny>
					<font>apptv30</font>
					<label>$INFO[Window(weather).Property(Hourly.5.Temperature)]</label>
				</control>
				<control type="multiimage">
					<!-- Hourly 5 condition icon -->
					<left>162</left>
					<top>69</top>
					<width>144</width>
					<height>144</height>
					<imagepath>$VAR[WeatherIconHourly5]</imagepath>
					<timeperimage>100</timeperimage>
					<randomize>false</randomize>
					<fadetime>1</fadetime>
				</control>
				<control type="label">
					<left>315</left>
					<top>114</top>
					<width>150</width>
					<height>60</height>
					<align>center</align>
					<aligny>center</aligny>
					<font>apptv20</font>
					<label>$INFO[Window(weather).Property(Hourly.5.Precipitation),$LOCALIZE[33022]:[CR]]</label>
				</control>
				<control type="label">
					<left>8</left>
					<top>213</top>
					<width>458</width>
					<height>60</height>
					<align>center</align>
					<font>apptv20</font>
					<label>$INFO[Window(weather).Property(Hourly.5.Windspeed),$LOCALIZE[404]: ] $INFO[Window(weather).Property(Hourly.5.WindDirection)]</label>
				</control>
			</control>
			<control type="group">
				<!-- Hourly 6 -->
				<left>488</left>
				<top>429</top>
				<control type="label">
					<left>8</left>
					<top>0</top>
					<width>458</width>
					<height>33</height>
					<align>center</align>
					<font>apptv22</font>
					<label>[B]$INFO[Window(weather).Property(Hourly.6.Time)]$INFO[Window(weather).Property(Hourly.6.ShortDate), - ][/B]</label>
				</control>
				<control type="label">
					<left>8</left>
					<top>36</top>
					<width>458</width>
					<height>30</height>
					<align>center</align>
					<font>apptv20</font>
					<label>$INFO[Window(weather).Property(Hourly.6.Outlook)]</label>
				</control>
				<control type="label">
					<left>8</left>
					<top>123</top>
					<width>162</width>
					<height>45</height>
					<align>center</align>
					<aligny>center</aligny>
					<font>apptv30</font>
					<label>$INFO[Window(weather).Property(Hourly.6.Temperature)]</label>
				</control>
				<control type="multiimage">
					<!-- Hourly 6 condition icon -->
					<left>162</left>
					<top>69</top>
					<width>144</width>
					<height>144</height>
					<imagepath>$VAR[WeatherIconHourly6]</imagepath>
					<timeperimage>100</timeperimage>
					<randomize>false</randomize>
					<fadetime>1</fadetime>
				</control>
				<control type="label">
					<left>315</left>
					<top>114</top>
					<width>150</width>
					<height>60</height>
					<align>center</align>
					<aligny>center</aligny>
					<font>apptv20</font>
					<label>$INFO[Window(weather).Property(Hourly.6.Precipitation),$LOCALIZE[33022]:[CR]]</label>
				</control>
				<control type="label">
					<left>8</left>
					<top>213</top>
					<width>458</width>
					<height>60</height>
					<align>center</align>
					<font>apptv20</font>
					<label>$INFO[Window(weather).Property(Hourly.6.Windspeed),$LOCALIZE[404]: ] $INFO[Window(weather).Property(Hourly.6.WindDirection)]</label>
				</control>
			</control>
			<control type="group">
				<!-- Hourly 7 -->
				<left>960</left>
				<top>429</top>
				<control type="label">
					<left>8</left>
					<top>0</top>
					<width>458</width>
					<height>33</height>
					<align>center</align>
					<font>apptv22</font>
					<label>[B]$INFO[Window(weather).Property(Hourly.7.Time)]$INFO[Window(weather).Property(Hourly.7.ShortDate), - ][/B]</label>
				</control>
				<control type="label">
					<left>8</left>
					<top>36</top>
					<width>458</width>
					<height>30</height>
					<align>center</align>
					<font>apptv20</font>
					<label>$INFO[Window(weather).Property(Hourly.7.Outlook)]</label>
				</control>
				<control type="label">
					<left>8</left>
					<top>123</top>
					<width>162</width>
					<height>45</height>
					<align>center</align>
					<aligny>center</aligny>
					<font>apptv30</font>
					<label>$INFO[Window(weather).Property(Hourly.7.Temperature)]</label>
				</control>
				<control type="multiimage">
					<!-- Hourly 7 condition icon -->
					<left>162</left>
					<top>69</top>
					<width>144</width>
					<height>144</height>
					<imagepath>$VAR[WeatherIconHourly7]</imagepath>
					<timeperimage>100</timeperimage>
					<randomize>false</randomize>
					<fadetime>1</fadetime>
				</control>
				<control type="label">
					<left>315</left>
					<top>114</top>
					<width>150</width>
					<height>60</height>
					<align>center</align>
					<aligny>center</aligny>
					<font>apptv20</font>
					<label>$INFO[Window(weather).Property(Hourly.7.Precipitation),$LOCALIZE[33022]:[CR]]</label>
				</control>
				<control type="label">
					<left>8</left>
					<top>213</top>
					<width>458</width>
					<height>60</height>
					<align>center</align>
					<font>apptv20</font>
					<label>$INFO[Window(weather).Property(Hourly.7.Windspeed),$LOCALIZE[404]: ] $INFO[Window(weather).Property(Hourly.7.WindDirection)]</label>
				</control>
			</control>
			<control type="group">
				<!-- Hourly 8 -->
				<left>1432</left>
				<top>429</top>
				<control type="label">
					<left>8</left>
					<top>0</top>
					<width>458</width>
					<height>33</height>
					<align>center</align>
					<font>apptv22</font>
					<label>[B]$INFO[Window(weather).Property(Hourly.8.Time)]$INFO[Window(weather).Property(Hourly.8.ShortDate), - ][/B]</label>
				</control>
				<control type="label">
					<left>8</left>
					<top>36</top>
					<width>458</width>
					<height>30</height>
					<align>center</align>
					<font>apptv20</font>
					<label>$INFO[Window(weather).Property(Hourly.8.Outlook)]</label>
				</control>
				<control type="label">
					<left>8</left>
					<top>123</top>
					<width>162</width>
					<height>45</height>
					<align>center</align>
					<aligny>center</aligny>
					<font>apptv30</font>
					<label>$INFO[Window(weather).Property(Hourly.8.Temperature)]</label>
				</control>
				<control type="multiimage">
					<!-- Hourly 8 condition icon -->
					<left>162</left>
					<top>69</top>
					<width>144</width>
					<height>144</height>
					<imagepath>$VAR[WeatherIconHourly8]</imagepath>
					<timeperimage>100</timeperimage>
					<randomize>false</randomize>
					<fadetime>1</fadetime>
				</control>
				<control type="label">
					<left>315</left>
					<top>114</top>
					<width>150</width>
					<height>60</height>
					<align>center</align>
					<aligny>center</aligny>
					<font>apptv20</font>
					<label>$INFO[Window(weather).Property(Hourly.8.Precipitation),$LOCALIZE[33022]:[CR]]</label>
				</control>
				<control type="label">
					<left>8</left>
					<top>213</top>
					<width>458</width>
					<height>60</height>
					<align>center</align>
					<font>apptv20</font>
					<label>$INFO[Window(weather).Property(Hourly.8.Windspeed),$LOCALIZE[404]: ] $INFO[Window(weather).Property(Hourly.8.WindDirection)]</label>
				</control>
			</control>
			<control type="group">
				<!-- Hourly 9 -->
				<left>15</left>
				<top>723</top>
				<control type="label">
					<left>8</left>
					<top>0</top>
					<width>458</width>
					<height>33</height>
					<align>center</align>
					<font>apptv22</font>
					<label>[B]$INFO[Window(weather).Property(Hourly.9.Time)]$INFO[Window(weather).Property(Hourly.9.ShortDate), - ][/B]</label>
				</control>
				<control type="label">
					<left>8</left>
					<top>36</top>
					<width>458</width>
					<height>30</height>
					<align>center</align>
					<font>apptv20</font>
					<label>$INFO[Window(weather).Property(Hourly.9.Outlook)]</label>
				</control>
				<control type="label">
					<left>8</left>
					<top>123</top>
					<width>162</width>
					<height>45</height>
					<align>center</align>
					<aligny>center</aligny>
					<font>apptv30</font>
					<label>$INFO[Window(weather).Property(Hourly.9.Temperature)]</label>
				</control>
				<control type="multiimage">
					<!-- Hourly 9 condition icon -->
					<left>162</left>
					<top>69</top>
					<width>144</width>
					<height>144</height>
					<imagepath>$VAR[WeatherIconHourly9]</imagepath>
					<timeperimage>100</timeperimage>
					<randomize>false</randomize>
					<fadetime>1</fadetime>
				</control>
				<control type="label">
					<left>315</left>
					<top>114</top>
					<width>150</width>
					<height>60</height>
					<align>center</align>
					<aligny>center</aligny>
					<font>apptv20</font>
					<label>$INFO[Window(weather).Property(Hourly.9.Precipitation),$LOCALIZE[33022]:[CR]]</label>
				</control>
				<control type="label">
					<left>8</left>
					<top>213</top>
					<width>458</width>
					<height>60</height>
					<align>center</align>
					<font>apptv20</font>
					<label>$INFO[Window(weather).Property(Hourly.9.Windspeed),$LOCALIZE[404]: ] $INFO[Window(weather).Property(Hourly.9.WindDirection)]</label>
				</control>
			</control>
			<control type="group">
				<!-- Hourly 10 -->
				<left>488</left>
				<top>723</top>
				<control type="label">
					<left>8</left>
					<top>0</top>
					<width>458</width>
					<height>33</height>
					<align>center</align>
					<font>apptv22</font>
					<label>[B]$INFO[Window(weather).Property(Hourly.10.Time)]$INFO[Window(weather).Property(Hourly.10.ShortDate), - ][/B]</label>
				</control>
				<control type="label">
					<left>8</left>
					<top>36</top>
					<width>458</width>
					<height>30</height>
					<align>center</align>
					<font>apptv20</font>
					<label>$INFO[Window(weather).Property(Hourly.10.Outlook)]</label>
				</control>
				<control type="label">
					<left>8</left>
					<top>123</top>
					<width>162</width>
					<height>45</height>
					<align>center</align>
					<aligny>center</aligny>
					<font>apptv30</font>
					<label>$INFO[Window(weather).Property(Hourly.10.Temperature)]</label>
				</control>
				<control type="multiimage">
					<!-- Hourly 10 animated custom condition icon -->
					<left>162</left>
					<top>69</top>
					<width>144</width>
					<height>144</height>
					<imagepath>$VAR[WeatherIconHourly10]</imagepath>
					<timeperimage>100</timeperimage>
					<randomize>false</randomize>
					<fadetime>1</fadetime>
				</control>
				<control type="label">
					<left>315</left>
					<top>114</top>
					<width>150</width>
					<height>60</height>
					<align>center</align>
					<aligny>center</aligny>
					<font>apptv20</font>
					<label>$INFO[Window(weather).Property(Hourly.10.Precipitation),$LOCALIZE[33022]:[CR]]</label>
				</control>
				<control type="label">
					<left>8</left>
					<top>213</top>
					<width>458</width>
					<height>60</height>
					<align>center</align>
					<font>apptv20</font>
					<label>$INFO[Window(weather).Property(Hourly.10.Windspeed),$LOCALIZE[404]: ] $INFO[Window(weather).Property(Hourly.10.WindDirection)]</label>
				</control>
			</control>
			<control type="group">
				<!-- Hourly 11 -->
				<left>960</left>
				<top>723</top>
				<control type="label">
					<left>8</left>
					<top>0</top>
					<width>458</width>
					<height>33</height>
					<align>center</align>
					<font>apptv22</font>
					<label>[B]$INFO[Window(weather).Property(Hourly.11.Time)]$INFO[Window(weather).Property(Hourly.11.ShortDate), - ][/B]</label>
				</control>
				<control type="label">
					<left>8</left>
					<top>36</top>
					<width>458</width>
					<height>30</height>
					<align>center</align>
					<font>apptv20</font>
					<label>$INFO[Window(weather).Property(Hourly.11.Outlook)]</label>
				</control>
				<control type="label">
					<left>8</left>
					<top>123</top>
					<width>162</width>
					<height>45</height>
					<align>center</align>
					<aligny>center</aligny>
					<font>apptv30</font>
					<label>$INFO[Window(weather).Property(Hourly.11.Temperature)]</label>
				</control>
				<control type="multiimage">
					<!-- Hourly 11 condition icon -->
					<left>162</left>
					<top>69</top>
					<width>144</width>
					<height>144</height>
					<imagepath>$VAR[WeatherIconHourly11]</imagepath>
					<timeperimage>100</timeperimage>
					<randomize>false</randomize>
					<fadetime>1</fadetime>
				</control>
				<control type="label">
					<left>315</left>
					<top>114</top>
					<width>150</width>
					<height>60</height>
					<align>center</align>
					<aligny>center</aligny>
					<font>apptv20</font>
					<label>$INFO[Window(weather).Property(Hourly.11.Precipitation),$LOCALIZE[33022]:[CR]]</label>
				</control>
				<control type="label">
					<left>8</left>
					<top>213</top>
					<width>458</width>
					<height>60</height>
					<align>center</align>
					<font>apptv20</font>
					<label>$INFO[Window(weather).Property(Hourly.11.Windspeed),$LOCALIZE[404]: ] $INFO[Window(weather).Property(Hourly.11.WindDirection)]</label>
				</control>
			</control>
			<control type="group">
				<!-- Hourly 12 -->
				<left>1432</left>
				<top>723</top>
				<control type="label">
					<left>8</left>
					<top>0</top>
					<width>458</width>
					<height>33</height>
					<align>center</align>
					<font>apptv22</font>
					<label>[B]$INFO[Window(weather).Property(Hourly.12.Time)]$INFO[Window(weather).Property(Hourly.12.ShortDate), - ][/B]</label>
				</control>
				<control type="label">
					<left>8</left>
					<top>36</top>
					<width>458</width>
					<height>30</height>
					<align>center</align>
					<font>apptv20</font>
					<label>$INFO[Window(weather).Property(Hourly.12.Outlook)]</label>
				</control>
				<control type="label">
					<left>8</left>
					<top>123</top>
					<width>162</width>
					<height>45</height>
					<align>center</align>
					<aligny>center</aligny>
					<font>apptv30</font>
					<label>$INFO[Window(weather).Property(Hourly.12.Temperature)]</label>
				</control>
				<control type="multiimage">
					<!-- Hourly 12 condition icon -->
					<left>162</left>
					<top>69</top>
					<width>144</width>
					<height>144</height>
					<imagepath>$VAR[WeatherIconHourly12]</imagepath>
					<timeperimage>100</timeperimage>
					<randomize>false</randomize>
					<fadetime>1</fadetime>
				</control>
				<control type="label">
					<left>315</left>
					<top>114</top>
					<width>150</width>
					<height>60</height>
					<align>center</align>
					<aligny>center</aligny>
					<font>apptv20</font>
					<label>$INFO[Window(weather).Property(Hourly.12.Precipitation),$LOCALIZE[33022]:[CR]]</label>
				</control>
				<control type="label">
					<left>8</left>
					<top>213</top>
					<width>458</width>
					<height>60</height>
					<align>center</align>
					<font>apptv20</font>
					<label>$INFO[Window(weather).Property(Hourly.12.Windspeed),$LOCALIZE[404]: ] $INFO[Window(weather).Property(Hourly.12.WindDirection)]</label>
				</control>
			</control>
		</control>
		<control type="group">
			<visible>Skin.HasSetting(weather-alerts) + !String.IsEmpty(Window(weather).Property(Alerts.RSS))</visible>
			<!-- Alerts -->
			<control type="group">
				<control type="image">
					<left>465</left>
					<top>1026</top>
					<width>48</width>
					<height>48</height>
					<texture>DefaultIconWarning.png</texture>
				</control>
				<control type="fadelabel">
					<left>516</left>
					<top>1029</top>
					<width>810</width>
					<height>36</height>
					<font>apptv22</font>
					<scrollout>false</scrollout>
					<pauseatend>4000</pauseatend>
					<label>[B]$INFO[Window(weather).Property(Alerts)][/B]</label>
					<autoscroll time="3000" delay="10000" repeat="5000">true</autoscroll>
				</control>
			</control>
		</control>
	</include>
</includes>