<?xml version="1.0" encoding="utf-8"?>
<includes>
	<include name="VertHomeMenu">
		<include>background</include>
		<control type="group">
			<!-- Show time on home screen -->
			<visible>!Skin.HasSetting(home-time)</visible>
			<control type="label">
				<!-- Date -->
				<left>531</left>
				<top>27</top>
				<width>849</width>
				<height>38</height>
				<label>$INFO[System.Date]</label>
				<align>center</align>
			</control>
			<control type="label">
				<!-- Time -->
				<left>531</left>
				<top>69</top>
				<width>849</width>
				<height>45</height>
				<label>$INFO[System.Time(hh:mm xx)]</label>
				<align>center</align>
				<font>apptv30</font>
			</control>
		</control>
		<control type="group">
			<!-- Weather Condition -->
			<visible>Skin.HasSetting(home-currentweather) + !String.IsEmpty(Weather.plugin) + Weather.IsFetched</visible>
			<control type="label">
				<!-- Can't get current weather conditions -->
				<left>1778</left>
				<top>46</top>
				<width>318</width>
				<height>75</height>
				<wrapmultiline>true</wrapmultiline>
				<label>$LOCALIZE[412]</label>
				<align>right</align>
				<visible>String.IsEmpty(Weather.Conditions)</visible>
			</control>
			<control type="group">
				<visible>!String.IsEmpty(Weather.Conditions)</visible>
				<control type="label">
					<!-- Current temperature -->
					<left>1380</left>
					<top>3</top>
					<width>318</width>
					<height>57</height>
					<font>apptv38</font>
					<align>right</align>
					<aligny>top</aligny>
					<label>$INFO[Weather.Temperature]</label>
				</control>
				<control type="label">
					<!-- Current conditions -->
					<left>1380</left>
					<top>66</top>
					<width>318</width>
					<height>75</height>
					<wrapmultiline>true</wrapmultiline>
					<label>$INFO[Weather.Conditions]</label>
					<align>right</align>
				</control>
				<control type="multiimage">
					<!-- Custom current weather condition icon -->
					<left>1707</left>
					<top>9</top>
					<width>129</width>
					<height>129</height>
					<imagepath>$INFO[Skin.String(custom-weathericons)]$INFO[Window(weather).Property(Current.FanartCode)]</imagepath>
					<aspectratio>keep</aspectratio>
					<timeperimage>200</timeperimage>
					<randomize>false</randomize>
					<fadetime>0</fadetime>
					<visible>Skin.String(custom-weathericons)</visible>
				</control>
				<control type="image">
					<!-- Current weather condition icon -->
					<left>1707</left>
					<top>9</top>
					<width>129</width>
					<height>129</height>
					<texture>$INFO[Weather.Conditions]</texture>
					<aspectratio>keep</aspectratio>
					<visible>!Skin.String(custom-weathericons)</visible>
				</control>
			</control>
		</control>
		<!-- Markers for excess menu items -->
		<include content="page-offscreen-vertical">
			<param name="indicator1left" value="1434"/>
			<param name="indicator1top" value="138"/>
			<param name="indicator2left" value="1434"/>
			<param name="indicator2top" value="924"/>
			<param name="indicatorsize" value="48"/>
			<param name="indicatorcontainer" value="9000"/>
		</include>
		<control type="list" id="9000">
			<!-- Home menu list -->
			<left>1074</left>
			<top>177</top>
			<height>756</height>
			<width>771</width>
			<onleft>6100</onleft>
			<onright condition="String.IsEqual(Skin.String(show-scrollbar),$LOCALIZE[31877])">noop</onright>
			<onright condition="!String.IsEqual(Skin.String(show-scrollbar),$LOCALIZE[31877])">23</onright>
			<onup>9000</onup>
			<ondown>9000</ondown>
			<pagecontrol>23</pagecontrol>
			<itemlayout width="840" height="84">
				<control type="label">
					<left>39</left>
					<top>24</top>
					<width>645</width>
					<height>36</height>
					<label>$INFO[ListItem.Label]</label>
				</control>
			</itemlayout>
			<focusedlayout width="840" height="84">
				<control type="image">
					<left>0</left>
					<top>0</top>
					<width>771</width>
					<height>84</height>
					<texture border="9">button-default-focus.png</texture>
				</control>
				<control type="label">
					<left>39</left>
					<top>24</top>
					<width>645</width>
					<height>36</height>
					<label>$INFO[ListItem.Label]</label>
				</control>
			</focusedlayout>
			<content>
				<item>
					<thumb>DefaultVideo.png</thumb>
					<label>$LOCALIZE[3]</label>
					<onclick>ActivateWindow(videos,Files,return)</onclick>
					<visible>!Skin.HasSetting(home-video)</visible>
				</item>
				<item>
					<thumb>DefaultVideo.png</thumb>
					<label>$LOCALIZE[31026]</label>
					<onclick>$VAR[MovieLibEntry]</onclick>
					<visible>!Skin.HasSetting(home-movie)</visible>
				</item>
				<item>
					<thumb>$INFO[Skin.String(CustomMovies.1.Icon)]</thumb>
					<label>$INFO[Skin.String(CustomMovies.1.Label)] </label>
					<onclick>$INFO[Skin.String(CustomMovies.1.Path)]</onclick>
					<visible>!String.IsEmpty(Skin.String(CustomMovies.1.Path))</visible>
				</item>
				<item>
					<thumb>$INFO[Skin.String(CustomMovies.2.Icon)]</thumb>
					<label>$INFO[Skin.String(CustomMovies.2.Label)] </label>
					<onclick>$INFO[Skin.String(CustomMovies.2.Path)]</onclick>
					<visible>!String.IsEmpty(Skin.String(CustomMovies.2.Path))</visible>
				</item>
				<item>
					<thumb>$INFO[Skin.String(CustomMovies.3.Icon)]</thumb>
					<label>$INFO[Skin.String(CustomMovies.3.Label)] </label>
					<onclick>$INFO[Skin.String(CustomMovies.3.Path)]</onclick>
					<visible>!String.IsEmpty(Skin.String(CustomMovies.3.Path))</visible>
				</item>
				<item>
					<thumb>$INFO[Skin.String(CustomMovies.4.Icon)]</thumb>
					<label>$INFO[Skin.String(CustomMovies.4.Label)] </label>
					<onclick>$INFO[Skin.String(CustomMovies.4.Path)]</onclick>
					<visible>!String.IsEmpty(Skin.String(CustomMovies.4.Path))</visible>
				</item>
				<item>
					<thumb>$INFO[Skin.String(CustomMovies.5.Icon)]</thumb>
					<label>$INFO[Skin.String(CustomMovies.5.Label)] </label>
					<onclick>$INFO[Skin.String(CustomMovies.5.Path)]</onclick>
					<visible>!String.IsEmpty(Skin.String(CustomMovies.5.Path))</visible>
				</item>
				<item>
					<thumb>DefaultTVShows.png</thumb>
					<label>$LOCALIZE[31027]</label>
					<onclick>$VAR[TVLibEntry]</onclick>
					<visible>!Skin.HasSetting(home-tvshows)</visible>
				</item>
				<item>
					<thumb>$INFO[Skin.String(CustomTVShow.1.Icon)]</thumb>
					<label>$INFO[Skin.String(CustomTVShow.1.Label)] </label>
					<onclick>$INFO[Skin.String(CustomTVShow.1.Path)]</onclick>
					<visible>!String.IsEmpty(Skin.String(CustomTVShow.1.Path))</visible>
				</item>
				<item>
					<thumb>$INFO[Skin.String(CustomTVShow.2.Icon)]</thumb>
					<label>$INFO[Skin.String(CustomTVShow.2.Label)] </label>
					<onclick>$INFO[Skin.String(CustomTVShow.2.Path)]</onclick>
					<visible>!String.IsEmpty(Skin.String(CustomTVShow.2.Path))</visible>
				</item>
				<item>
					<thumb>$INFO[Skin.String(CustomTVShow.3.Icon)]</thumb>
					<label>$INFO[Skin.String(CustomTVShow.3.Label)] </label>
					<onclick>$INFO[Skin.String(CustomTVShow.3.Path)]</onclick>
					<visible>!String.IsEmpty(Skin.String(CustomTVShow.3.Path))</visible>
				</item>
				<item>
					<thumb>$INFO[Skin.String(CustomTVShow.4.Icon)]</thumb>
					<label>$INFO[Skin.String(CustomTVShow.4.Label)] </label>
					<onclick>$INFO[Skin.String(CustomTVShow.4.Path)]</onclick>
					<visible>!String.IsEmpty(Skin.String(CustomTVShow.4.Path))</visible>
				</item>
				<item>
					<thumb>$INFO[Skin.String(CustomTVShow.5.Icon)]</thumb>
					<label>$INFO[Skin.String(CustomTVShow.5.Label)] </label>
					<onclick>$INFO[Skin.String(CustomTVShow.5.Path)]</onclick>
					<visible>!String.IsEmpty(Skin.String(CustomTVShow.5.Path))</visible>
				</item>
				<item>
					<thumb>DefaultMusicVideos.png</thumb>
					<label>$LOCALIZE[31028]</label>
					<onclick>$VAR[MusicVideoLibEntry]</onclick>
					<visible>Skin.HasSetting(home-musicvideo)</visible>
				</item>
				<item>
					<thumb>icon-livetv.png</thumb>
					<label>$LOCALIZE[19020]</label>
					<onclick>SetProperty(PVRType,tv,home)</onclick>
					<onclick>$VAR[TVEntry]</onclick>
					<visible>Pvr.HasTVChannels</visible>
				</item>
				<item>
					<thumb>$INFO[Skin.String(CustomTV.1.Icon)]</thumb>
					<label>$INFO[Skin.String(CustomTV.1.Label)]</label>
					<onclick>$INFO[Skin.String(CustomTV.1.Path)]</onclick>
					<visible>!String.IsEmpty(Skin.String(CustomTV.1.Path))</visible>
				</item>
				<item>
					<thumb>$INFO[Skin.String(CustomTV.2.Icon)]</thumb>
					<label>$INFO[Skin.String(CustomTV.2.Label)]</label>
					<onclick>$INFO[Skin.String(CustomTV.2.Path)]</onclick>
					<visible>!String.IsEmpty(Skin.String(CustomTV.2.Path))</visible>
				</item>
				<item>
					<thumb>$INFO[Skin.String(CustomTV.3.Icon)]</thumb>
					<label>$INFO[Skin.String(CustomTV.3.Label)]</label>
					<onclick>$INFO[Skin.String(CustomTV.3.Path)]</onclick>
					<visible>!String.IsEmpty(Skin.String(CustomTV.3.Path))</visible>
				</item>
				<item>
					<thumb>$INFO[Skin.String(CustomTV.4.Icon)]</thumb>
					<label>$INFO[Skin.String(CustomTV.4.Label)]</label>
					<onclick>$INFO[Skin.String(CustomTV.4.Path)]</onclick>
					<visible>!String.IsEmpty(Skin.String(CustomTV.4.Path))</visible>
				</item>
				<item>
					<thumb>$INFO[Skin.String(CustomTV.5.Icon)]</thumb>
					<label>$INFO[Skin.String(CustomTV.5.Label)]</label>
					<onclick>$INFO[Skin.String(CustomTV.5.Path)]</onclick>
					<visible>!String.IsEmpty(Skin.String(CustomTV.5.Path))</visible>
				</item>
				<item>
					<thumb>icon-radio.png</thumb>
					<label>$LOCALIZE[19021]</label>
					<onclick>SetProperty(PVRType,radio,home)</onclick>
					<onclick>$VAR[RadioEntry]</onclick>
					<visible>Pvr.HasRadioChannels</visible>
				</item>
				<item>
					<thumb>$INFO[Skin.String(CustomRadio.1.Icon)]</thumb>
					<label>$INFO[Skin.String(CustomRadio.1.Label)]</label>
					<onclick>$INFO[Skin.String(CustomRadio.1.Path)]</onclick>
					<visible>!String.IsEmpty(Skin.String(CustomRadio.1.Path))</visible>
				</item>
				<item>
					<thumb>$INFO[Skin.String(CustomRadio.2.Icon)]</thumb>
					<label>$INFO[Skin.String(CustomRadio.2.Label)]</label>
					<onclick>$INFO[Skin.String(CustomRadio.2.Path)]</onclick>
					<visible>!String.IsEmpty(Skin.String(CustomRadio.2.Path))</visible>
				</item>
				<item>
					<thumb>$INFO[Skin.String(CustomRadio.3.Icon)]</thumb>
					<label>$INFO[Skin.String(CustomRadio.3.Label)]</label>
					<onclick>$INFO[Skin.String(CustomRadio.3.Path)]</onclick>
					<visible>!String.IsEmpty(Skin.String(CustomRadio.3.Path))</visible>
				</item>
				<item>
					<thumb>$INFO[Skin.String(CustomRadio.4.Icon)]</thumb>
					<label>$INFO[Skin.String(CustomRadio.4.Label)]</label>
					<onclick>$INFO[Skin.String(CustomRadio.4.Path)]</onclick>
					<visible>!String.IsEmpty(Skin.String(CustomRadio.4.Path))</visible>
				</item>
				<item>
					<thumb>$INFO[Skin.String(CustomRadio.5.Icon)]</thumb>
					<label>$INFO[Skin.String(CustomRadio.5.Label)]</label>
					<onclick>$INFO[Skin.String(CustomRadio.5.Path)]</onclick>
					<visible>!String.IsEmpty(Skin.String(CustomRadio.5.Path))</visible>
				</item>
				<item>
					<thumb>$INFO[Skin.String(CustomFav.1.Icon)]</thumb>
					<label>$INFO[Skin.String(CustomFav.1.Label)]</label>
					<onclick>$INFO[Skin.String(CustomFav.1.Path)]</onclick>
					<visible>!String.IsEmpty(Skin.String(CustomFav.1.Path))</visible>
				</item>
				<item>
					<thumb>$INFO[Skin.String(CustomFav.2.Icon)]</thumb>
					<label>$INFO[Skin.String(CustomFav.2.Label)]</label>
					<onclick>$INFO[Skin.String(CustomFav.2.Path)]</onclick>
					<visible>!String.IsEmpty(Skin.String(CustomFav.2.Path))</visible>
				</item>
				<item>
					<thumb>$INFO[Skin.String(CustomFav.3.Icon)]</thumb>
					<label>$INFO[Skin.String(CustomFav.3.Label)]</label>
					<onclick>$INFO[Skin.String(CustomFav.3.Path)]</onclick>
					<visible>!String.IsEmpty(Skin.String(CustomFav.3.Path))</visible>
				</item>
				<item>
					<thumb>$INFO[Skin.String(CustomFav.4.Icon)]</thumb>
					<label>$INFO[Skin.String(CustomFav.4.Label)]</label>
					<onclick>$INFO[Skin.String(CustomFav.4.Path)]</onclick>
					<visible>!String.IsEmpty(Skin.String(CustomFav.4.Path))</visible>
				</item>
				<item>
					<thumb>$INFO[Skin.String(CustomFav.5.Icon)]</thumb>
					<label>$INFO[Skin.String(CustomFav.5.Label)]</label>
					<onclick>$INFO[Skin.String(CustomFav.5.Path)]</onclick>
					<visible>!String.IsEmpty(Skin.String(CustomFav.5.Path))</visible>
				</item>
				<item>
					<thumb>DefaultMusicSongs.png</thumb>
					<label>$LOCALIZE[31030]</label>
					<onclick>$VAR[MusicLibEntry]</onclick>
					<visible>!Skin.HasSetting(home-music)</visible>
				</item>
				<item>
					<thumb>$INFO[Skin.String(CustomMusic.1.Icon)]</thumb>
					<label>$INFO[Skin.String(CustomMusic.1.Label)]</label>
					<onclick>$INFO[Skin.String(CustomMusic.1.Path)]</onclick>
					<visible>!String.IsEmpty(Skin.String(CustomMusic.1.Path))</visible>
				</item>
				<item>
					<thumb>$INFO[Skin.String(CustomMusic.2.Icon)]</thumb>
					<label>$INFO[Skin.String(CustomMusic.2.Label)]</label>
					<onclick>$INFO[Skin.String(CustomMusic.2.Path)]</onclick>
					<visible>!String.IsEmpty(Skin.String(CustomMusic.2.Path))</visible>
				</item>
				<item>
					<thumb>$INFO[Skin.String(CustomMusic.3.Icon)]</thumb>
					<label>$INFO[Skin.String(CustomMusic.3.Label)]</label>
					<onclick>$INFO[Skin.String(CustomMusic.3.Path)]</onclick>
					<visible>!String.IsEmpty(Skin.String(CustomMusic.3.Path))</visible>
				</item>
				<item>
					<thumb>$INFO[Skin.String(CustomMusic.4.Icon)]</thumb>
					<label>$INFO[Skin.String(CustomMusic.4.Label)]</label>
					<onclick>$INFO[Skin.String(CustomMusic.4.Path)]</onclick>
					<visible>!String.IsEmpty(Skin.String(CustomMusic.4.Path))</visible>
				</item>
				<item>
					<thumb>$INFO[Skin.String(CustomMusic.5.Icon)]</thumb>
					<label>$INFO[Skin.String(CustomMusic.5.Label)]</label>
					<onclick>$INFO[Skin.String(CustomMusic.5.Path)]</onclick>
					<visible>!String.IsEmpty(Skin.String(CustomMusic.5.Path))</visible>
				</item>
				<item>
					<thumb>DefaultAddon.png</thumb>
					<label>$LOCALIZE[24001]</label>
					<onclick>ActivateWindow(1155,,return)</onclick>
					<visible>!Skin.HasSetting(home-programs)</visible>
				</item>
				<item>
					<thumb>$INFO[Skin.String(CustomAddon.1.Icon)]</thumb>
					<label>$INFO[Skin.String(CustomAddon.1.Label)]</label>
					<onclick>$INFO[Skin.String(CustomAddon.1.Path)]</onclick>
					<visible>!String.IsEmpty(Skin.String(CustomAddon.1.Path))</visible>
				</item>
				<item>
					<thumb>$INFO[Skin.String(CustomAddon.2.Icon)]</thumb>
					<label>$INFO[Skin.String(CustomAddon.2.Label)]</label>
					<onclick>$INFO[Skin.String(CustomAddon.2.Path)]</onclick>
					<visible>!String.IsEmpty(Skin.String(CustomAddon.2.Path))</visible>
				</item>
				<item>
					<thumb>$INFO[Skin.String(CustomAddon.3.Icon)]</thumb>
					<label>$INFO[Skin.String(CustomAddon.3.Label)]</label>
					<onclick>$INFO[Skin.String(CustomAddon.3.Path)]</onclick>
					<visible>!String.IsEmpty(Skin.String(CustomAddon.3.Path))</visible>
				</item>
				<item>
					<thumb>$INFO[Skin.String(CustomAddon.4.Icon)]</thumb>
					<label>$INFO[Skin.String(CustomAddon.4.Label)]</label>
					<onclick>$INFO[Skin.String(CustomAddon.4.Path)]</onclick>
					<visible>!String.IsEmpty(Skin.String(CustomAddon.4.Path))</visible>
				</item>
				<item>
					<thumb>$INFO[Skin.String(CustomAddon.5.Icon)]</thumb>
					<label>$INFO[Skin.String(CustomAddon.5.Label)]</label>
					<onclick>$INFO[Skin.String(CustomAddon.5.Path)]</onclick>
					<visible>!String.IsEmpty(Skin.String(CustomAddon.5.Path))</visible>
				</item>
				<item>
					<thumb>DefaultPicture.png</thumb>
					<label>$LOCALIZE[1]</label>
					<onclick>ActivateWindow(pictures,,return)</onclick>
					<visible>Skin.HasSetting(home-photos)</visible>
				</item>
				<item>
					<thumb>icon-weather.png</thumb>
					<label>$LOCALIZE[31032]</label>
					<onclick>ActivateWindow(weather,,return)</onclick>
					<visible>Skin.HasSetting(home-weather) + !String.IsEmpty(Weather.plugin)</visible>
				</item>
				<item>
					<thumb>icon-fav.png</thumb>
					<label>$LOCALIZE[31652]</label>
					<onclick>ActivateWindow(favourites)</onclick>
					<visible>Skin.HasSetting(home-favorites)</visible>
				</item>
				<item>
					<thumb>icon-search.png</thumb>
					<label>$LOCALIZE[137]</label>
					<onclick condition="!System.HasAddon(script.globalsearch)">InstallAddon(script.globalsearch)</onclick>
					<onclick condition="System.HasAddon(script.globalsearch)">RunScript(script.globalsearch)</onclick>
					<visible>Skin.HasSetting(home-search)</visible>
				</item>
				<item>
					<thumb>icon-filemanager.png</thumb>
					<label>$LOCALIZE[10003]</label>
					<onclick>ActivateWindow(filemanager)</onclick>
					<visible>Skin.HasSetting(home-filemanager)</visible>
				</item>
				<item>
					<thumb>DefaultUser.png</thumb>
					<label>$LOCALIZE[20092]</label>
					<onclick>System.LogOff</onclick>
					<visible>Skin.HasSetting(home-profile)</visible>
				</item>
				<item>
					<thumb>DefaultDVDRom.png</thumb>
					<label>$LOCALIZE[31036]</label>
					<onclick>PlayDVD</onclick>
					<visible>System.HasMediadvd + Skin.HasSetting(home-playdisc)</visible>
				</item>
				<item>
					<thumb>icon-settings.png</thumb>
					<label>$LOCALIZE[5]</label>
					<onclick>ActivateWindow(settings)</onclick>
				</item>
				<item>
					<thumb>icon-power.png</thumb>
					<label>$LOCALIZE[13009]</label>
					<onclick condition="!String.IsEqual(Skin.String(home-quitaction),$LOCALIZE[31558])">SetProperty(ShutdownKodi,true,home)</onclick>
					<onclick>$VAR[QuitAction]</onclick>
					<visible>!Skin.HasSetting(home-shutdown)</visible>
				</item>
			</content>
		</control>
		<control type="group" id="3002">
			<visible>Container(9000).OnPrevious</visible>
			<animation effect="fade" start="100" time="200" tween="sine" easing="inout" reversible="false">Hidden</animation>
			<control type="group">
				<left>80</left>
				<top>280</top>
				<width>132</width>
				<height>188</height>
				<visible>Container(9000).OnPrevious</visible>
				<animation effect="slide" end="-150,0" time="100" reversible="false">Hidden</animation>
				<control type="image">
					<left>0</left>
					<top>0</top>
					<width>132</width>
					<height>93</height>
					<texture background="true" diffuse="mask-squ.png">$INFO[Container(9000).Listitem(3).Art(thumb)]</texture>
					<aspectratio aligny="bottom">keep</aspectratio>
					<colordiffuse>LongDistance</colordiffuse>
				</control>
				<control type="image">
					<left>0</left>
					<top>93</top>
					<width>132</width>
					<height>93</height>
					<texture background="true" flipy="true" diffuse="mask-fade.png">$INFO[Container(9000).Listitem(3).Art(thumb)]</texture>
					<aspectratio aligny="top">keep</aspectratio>
					<colordiffuse>LongDistance</colordiffuse>
				</control>
			</control>
			<control type="group">
				<left>252</left>
				<top>300</top>
				<width>172</width>
				<height>243</height>
				<visible>Container(9000).OnPrevious</visible>
				<animation effect="zoom" start="142,240,65,130" end="45,225,50,100" time="200" reversible="false">Hidden</animation>
				<control type="image">
					<left>0</left>
					<top>0</top>
					<width>172</width>
					<height>122</height>
					<texture background="true" diffuse="mask-squ.png">$INFO[Container(9000).Listitem(2).Art(thumb)]</texture>
					<aspectratio aligny="bottom">keep</aspectratio>
					<colordiffuse>LongDistance</colordiffuse>
				</control>
				<control type="image">
					<left>0</left>
					<top>122</top>
					<width>172</width>
					<height>122</height>
					<texture background="true" flipy="true" diffuse="mask-fade.png">$INFO[Container(9000).Listitem(2).Art(thumb)]</texture>
					<aspectratio aligny="top">keep</aspectratio>
					<colordiffuse>LongDistance</colordiffuse>
				</control>
			</control>
			<control type="group">
				<left>370</left>
				<top>272</top>
				<width>610</width>
				<height>862</height>
				<visible>Container(9000).OnPrevious</visible>
				<animation effect="zoom" start="210,218,230,460" end="142,240,65,130" time="200" reversible="false">Hidden</animation>
				<control type="image">
					<left>0</left>
					<top>0</top>
					<width>610</width>
					<height>430</height>
					<texture background="true" diffuse="mask-squ.png">$INFO[Container(9000).Listitem(1).Art(thumb)]</texture>
					<aspectratio aligny="bottom">keep</aspectratio>
					<colordiffuse>MiddleDistance</colordiffuse>
				</control>
				<control type="image">
					<left>0</left>
					<top>430</top>
					<width>610</width>
					<height>430</height>
					<texture background="true" flipy="true" diffuse="mask-fade.png">$INFO[Container(9000).Listitem(1).Art(thumb)]</texture>
					<aspectratio aligny="top">keep</aspectratio>
					<colordiffuse>MiddleDistance</colordiffuse>
				</control>
			</control>
			<control type="group">
				<left>-902</left>
				<top>422</top>
				<width>610</width>
				<height>862</height>
				<visible>Container(9000).OnPrevious</visible>
				<animation effect="slide" start="0,0" end="600,-120" delay="50" time="200" reversible="false">Hidden</animation>
				<control type="image">
					<left>0</left>
					<top>0</top>
					<width>610</width>
					<height>430</height>
					<texture background="true" diffuse="mask-squ.png">$INFO[Container(9000).Listitem(0).Art(thumb)]</texture>
					<aspectratio aligny="bottom">keep</aspectratio>
				</control>
				<control type="image">
					<left>0</left>
					<top>430</top>
					<width>610</width>
					<height>430</height>
					<texture background="true" flipy="true" diffuse="mask-fade.png">$INFO[Container(9000).Listitem(0).Art(thumb)]</texture>
					<aspectratio aligny="top">keep</aspectratio>
				</control>
			</control>
		</control>
		<control type="group" id="3001">
			<visible>Container(9000).OnNext</visible>
			<animation effect="fade" start="100" time="200" tween="sine" easing="inout" reversible="false">Hidden</animation>
			<control type="group">
				<left>-184</left>
				<top>280</top>
				<width>132</width>
				<height>188</height>
				<visible>Container(9000).OnNext</visible>
				<animation effect="slide" end="150,0" time="100" reversible="false">Hidden</animation>
				<control type="image">
					<left>0</left>
					<top>0</top>
					<width>132</width>
					<height>93</height>
					<texture background="true" diffuse="mask-squ.png">$INFO[Container(9000).Listitem(2).Art(thumb)]</texture>
					<aspectratio aligny="bottom">keep</aspectratio>
					<colordiffuse>LongDistance</colordiffuse>
				</control>
				<control type="image">
					<left>0</left>
					<top>93</top>
					<width>132</width>
					<height>93</height>
					<texture background="true" flipy="true" diffuse="mask-fade.png">$INFO[Container(9000).Listitem(2).Art(thumb)]</texture>
					<aspectratio aligny="top">keep</aspectratio>
					<colordiffuse>LongDistance</colordiffuse>
				</control>
			</control>
			<control type="group">
				<left>80</left>
				<top>280</top>
				<width>132</width>
				<height>188</height>
				<visible>Container(9000).OnNext</visible>
				<animation effect="zoom" start="45,225,50,100" end="142,240,65,130" time="200" reversible="false">Hidden</animation>
				<control type="image">
					<left>0</left>
					<top>0</top>
					<width>132</width>
					<height>93</height>
					<texture background="true" diffuse="mask-squ.png">$INFO[Container(9000).Listitem(1).Art(thumb)]</texture>
					<aspectratio aligny="bottom">keep</aspectratio>
					<colordiffuse>LongDistance</colordiffuse>
				</control>
				<control type="image">
					<left>0</left>
					<top>93</top>
					<width>132</width>
					<height>93</height>
					<texture background="true" flipy="true" diffuse="mask-fade.png">$INFO[Container(9000).Listitem(1).Art(thumb)]</texture>
					<aspectratio aligny="top">keep</aspectratio>
					<colordiffuse>LongDistance</colordiffuse>
				</control>
			</control>
			<control type="group">
				<left>252</left>
				<top>300</top>
				<width>172</width>
				<height>243</height>
				<visible>Container(9000).OnNext</visible>
				<animation effect="zoom" start="142,240,65,130" end="210,218,230,460" time="200" reversible="false">Hidden</animation>
				<control type="image">
					<left>0</left>
					<top>0</top>
					<width>172</width>
					<height>122</height>
					<texture background="true" diffuse="mask-squ.png">$INFO[Container(9000).Listitem(0).Art(thumb)]</texture>
					<aspectratio aligny="bottom">keep</aspectratio>
					<colordiffuse>MiddleDistance</colordiffuse>
				</control>
				<control type="image">
					<left>0</left>
					<top>122</top>
					<width>172</width>
					<height>122</height>
					<texture background="true" flipy="true" diffuse="mask-fade.png">$INFO[Container(9000).Listitem(0).Art(thumb)]</texture>
					<aspectratio aligny="top">keep</aspectratio>
					<colordiffuse>MiddleDistance</colordiffuse>
				</control>
			</control>
			<control type="group">
				<left>370</left>
				<top>272</top>
				<width>610</width>
				<height>862</height>
				<visible>Container(9000).OnNext</visible>
				<animation effect="slide" start="0,0" end="-600,120" time="200" reversible="false">Hidden</animation>
				<control type="image">
					<left>0</left>
					<top>0</top>
					<width>610</width>
					<height>430</height>
					<texture background="true" diffuse="mask-squ.png">$INFO[Container(9000).Listitem(-1).Art(thumb)]</texture>
					<aspectratio aligny="bottom">keep</aspectratio>
				</control>
				<control type="image">
					<left>0</left>
					<top>430</top>
					<width>610</width>
					<height>430</height>
					<texture background="true" flipy="true" diffuse="mask-fade.png">$INFO[Container(9000).Listitem(-1).Art(thumb)]</texture>
					<aspectratio aligny="top">keep</aspectratio>
				</control>
			</control>
		</control>
		<control type="group">
			<visible>!Control.IsVisible(3001) + !Control.IsVisible(3002)</visible>
			<control type="group">
				<left>80</left>
				<top>280</top>
				<width>132</width>
				<height>188</height>
				<control type="image">
					<left>0</left>
					<top>0</top>
					<width>132</width>
					<height>93</height>
					<texture background="true" diffuse="mask-squ.png">$INFO[Container(9000).Listitem(2).Art(thumb)]</texture>
					<aspectratio aligny="bottom">keep</aspectratio>
					<colordiffuse>LongDistance</colordiffuse>
				</control>
				<control type="image">
					<left>0</left>
					<top>93</top>
					<width>132</width>
					<height>93</height>
					<texture background="true" flipy="true" diffuse="mask-fade.png">$INFO[Container(9000).Listitem(2).Art(thumb)]</texture>
					<aspectratio aligny="top">keep</aspectratio>
					<colordiffuse>LongDistance</colordiffuse>
				</control>
			</control>
			<control type="group">
				<left>252</left>
				<top>300</top>
				<width>172</width>
				<height>243</height>
				<control type="image">
					<left>0</left>
					<top>0</top>
					<width>172</width>
					<height>122</height>
					<texture background="true" diffuse="mask-squ.png">$INFO[Container(9000).Listitem(1).Art(thumb)]</texture>
					<aspectratio aligny="bottom">keep</aspectratio>
					<colordiffuse>MiddleDistance</colordiffuse>
				</control>
				<control type="image">
					<left>0</left>
					<top>122</top>
					<width>172</width>
					<height>122</height>
					<texture background="true" flipy="true" diffuse="mask-fade.png">$INFO[Container(9000).Listitem(1).Art(thumb)]</texture>
					<aspectratio aligny="top">keep</aspectratio>
					<colordiffuse>MiddleDistance</colordiffuse>
				</control>
			</control>
			<control type="group">
				<left>370</left>
				<top>272</top>
				<width>610</width>
				<height>862</height>
				<control type="image">
					<left>0</left>
					<top>0</top>
					<width>610</width>
					<height>430</height>
					<texture background="true" diffuse="mask-squ.png">$INFO[Container(9000).Listitem(0).Art(thumb)]</texture>
					<aspectratio aligny="bottom">keep</aspectratio>
				</control>
				<control type="image">
					<left>0</left>
					<top>430</top>
					<width>610</width>
					<height>430</height>
					<texture background="true" flipy="true" diffuse="mask-fade.png">$INFO[Container(9000).Listitem(0).Art(thumb)]</texture>
					<aspectratio aligny="top">keep</aspectratio>
				</control>
			</control>
		</control>
		<control type="scrollbar" id="23">
			<!-- Scroll Bar -->
			<left>1872</left>
			<top>170</top>
			<width>18</width>
			<height>768</height>
			<onleft>9000</onleft>
			<animation condition="!Control.HasFocus(23) + !Container.Scrolling + !String.IsEqual(Skin.String(show-scrollbar),$LOCALIZE[31875])" effect="fade" start="100" end="0" time="200" reversible="true">Conditional</animation>
			<visible>$EXP[isEnabledScrollbar]</visible>
		</control>
		<!-- RSS info -->
		<include condition="System.GetBool(lookandfeel.enablerssfeeds)">page-info</include>
		<!-- media infos (music) -->
		<control type="group" id="9950">
			<visible>Skin.HasSetting(media-overlay) + !Window.IsActive(playercontrols)</visible>
			<control type="group" id="9960">
				<visible>Player.HasAudio + String.IsEmpty(Window(home).Property(PlayingOST))</visible>
				<control type="image">
					<left>30</left>
					<top>804</top>
					<width>195</width>
					<height>195</height>
					<texture>$INFO[MusicPlayer.Cover]</texture>
					<aspectratio align="center">keep</aspectratio>
				</control>
				<control type="label">
					<left>255</left>
					<top>806</top>
					<width>780</width>
					<height>46</height>
					<label>$INFO[MusicPlayer.Artist]</label>
					<font>apptv23</font>
					<include condition="Skin.HasSetting(text-autoscroll)">scrolltext</include>
				</control>
				<control type="label">
					<left>255</left>
					<top>852</top>
					<width>780</width>
					<height>46</height>
					<label>$INFO[MusicPlayer.Album]</label>
					<font>apptv23</font>
					<include condition="Skin.HasSetting(text-autoscroll)">scrolltext</include>
				</control>
				<control type="label">
					<left>255</left>
					<top>900</top>
					<width>780</width>
					<height>46</height>
					<label>$INFO[MusicPlayer.Title]</label>
					<font>apptv23</font>
					<include condition="Skin.HasSetting(text-autoscroll)">scrolltext</include>
				</control>
				<control type="label">
					<left>255</left>
					<top>946</top>
					<width>780</width>
					<height>46</height>
					<label>$INFO[MusicPlayer.Time]$INFO[MusicPlayer.Duration, / ]</label>
					<font>apptv23</font>
				</control>
			</control>
			<!-- media infos (video) -->
			<control type="group" id="9970">
				<visible>Player.HasVideo</visible>
				<control type="videowindow">
					<!-- video preview window -->
					<left>66</left>
					<top>780</top>
					<width>308</width>
					<height>184</height>
				</control>
				<control type="label">
					<!-- Now playing -->
					<left>398</left>
					<top>806</top>
					<width>597</width>
					<height>46</height>
					<label>$LOCALIZE[31037]</label>
					<font>apptv23</font>
					<textcolor>listselected-text</textcolor>
				</control>
				<control type="label">
					<left>398</left>
					<top>852</top>
					<width>597</width>
					<height>46</height>
					<label>$INFO[VideoPlayer.Title]</label>
					<font>apptv23</font>
					<include condition="Skin.HasSetting(text-autoscroll)">scrolltext</include>
				</control>
				<control type="label">
					<left>398</left>
					<top>900</top>
					<width>597</width>
					<height>46</height>
					<label>$INFO[VideoPlayer.Time]$INFO[VideoPlayer.Duration, / ]</label>
					<font>apptv23</font>
					<include condition="Skin.HasSetting(text-autoscroll)">scrolltext</include>
				</control>
			</control>
		</control>
	</include>
</includes>