<?xml version="1.0" encoding="utf-8"?>
<includes>
	<include name="IconHomeMenu">
		<control type="image">
			<!-- Background image for main icon area -->
			<include>fullscreenimage</include>
			<texture>background-iconhome.png</texture>
		</control>
		<control type="group">
			<visible>[Container(9000).Row(0) | Container(9000).Row(1)] + !Container(9000).HasPrevious()</visible>
			<animation effect="fade" start="0" end="100" time="200">Visible</animation>
			<control type="group">
				<!-- Build up home menu shelf image -->
				<visible>![Window.IsActive(videos) | Window.IsActive(music)]</visible>
				<control type="image">
					<left>0</left>
					<top>0</top>
					<width>1920</width>
					<height>288</height>
					<texture>background-iconshelfbackdrop.png</texture>
				</control>
				<control type="image">
					<left>0</left>
					<top>288</top>
					<width>1920</width>
					<height>183</height>
					<texture>background-iconshelf.png</texture>
				</control>
				<control type="image">
					<left>0</left>
					<top>0</top>
					<width>1920</width>
					<height>471</height>
					<texture>menu-mask.png</texture>
				</control>
			</control>
			<include condition="!Skin.HasSetting(home-time)" file="Includes_Shelf.xml">homeshelf-time</include>
			<!-- Show time on home screen -->
			<include condition="Skin.HasSetting(media-overlay)" file="Includes_Shelf.xml">shelf-nowplaying</include>
			<!-- Now Playing -->
			<control type="group" id="9800">
				<!-- Shelf icons-->
				<control type="group" id="9801">
					<!-- Navigateable icons -->
					<control type="group" id="9155">
						<!-- Movie icons -->
						<visible>String.IsEqual(Container(9000).ListItem.Label2,$LOCALIZE[31026])</visible>
						<control type="group">
							<visible>String.IsEqual(Skin.String(shelf-movieimages),$LOCALIZE[31953]) | !Integer.IsGreater(Container(9160).NumItems,0)</visible>
							<control type="image">
								<left>813</left>
								<top>57</top>
								<width>294</width>
								<height>294</height>
								<texture>DefaultVideo.png</texture>
							</control>
							<control type="image">
								<left>813</left>
								<top>351</top>
								<width>294</width>
								<height>294</height>
								<texture flipy="true" diffuse="mask-fade.png">DefaultVideo.png</texture>
							</control>
						</control>
						<control type="group">
							<visible>!String.IsEqual(Skin.String(shelf-movieimages),$LOCALIZE[31953])</visible>
							<include file="Includes_Shelf.xml">movie-shelficons</include>
						</control>
					</control>
					<control type="group" id="9205">
						<!-- TV Shows icons -->
						<visible>String.IsEqual(Container(9000).ListItem.Label2,$LOCALIZE[20343])</visible>
						<control type="group">
							<visible>String.IsEqual(Skin.String(shelf-tvshowimages),$LOCALIZE[31953]) | !Integer.IsGreater(Container(9210).NumItems,0)</visible>
							<control type="image">
								<left>813</left>
								<top>57</top>
								<width>294</width>
								<height>294</height>
								<texture>DefaultTvshows.png</texture>
							</control>
							<control type="image">
								<left>813</left>
								<top>351</top>
								<width>294</width>
								<height>294</height>
								<texture flipy="true" diffuse="mask-fade.png">DefaultTvshows.png</texture>
							</control>
						</control>
						<control type="group">
							<visible>![String.IsEqual(Skin.String(shelf-tvshowimages),$LOCALIZE[31953])]</visible>
							<include file="Includes_Shelf.xml">tvshow-shelficons</include>
						</control>
					</control>
					<control type="group" id="9255">
						<!-- Music icons -->
						<visible>String.IsEqual(Container(9000).ListItem.Label2,$LOCALIZE[2])</visible>
						<control type="group">
							<visible>String.IsEqual(Skin.String(shelf-musicimages),$LOCALIZE[31953]) | !Integer.IsGreater(Container(9260).NumItems,0)</visible>
							<control type="image">
								<left>813</left>
								<top>57</top>
								<width>294</width>
								<height>294</height>
								<texture>DefaultAudio.png</texture>
							</control>
							<control type="image">
								<left>813</left>
								<top>351</top>
								<width>294</width>
								<height>294</height>
								<texture flipy="true" diffuse="mask-fade.png">DefaultAudio.png</texture>
							</control>
						</control>
						<control type="group">
							<visible>!String.IsEqual(Skin.String(shelf-musicimages),$LOCALIZE[31953])</visible>
							<include file="Includes_Shelf.xml">music-shelficons</include>
						</control>
					</control>
				</control>
				<control type="group" id="9802">
					<!-- Weather icons -->
					<visible>String.IsEqual(Container(9000).ListItem.Label2,$LOCALIZE[8])</visible>
					<control type="group">
						<visible>!Weather.IsFetched</visible>
						<control type="image">
							<left>828</left>
							<top>87</top>
							<width>264</width>
							<height>264</height>
							<texture>icon-weather.png</texture>
						</control>
						<control type="image">
							<left>828</left>
							<top>351</top>
							<width>264</width>
							<height>264</height>
							<texture flipy="true" diffuse="mask-fade.png">icon-weather.png</texture>
						</control>
					</control>
					<control type="group">
						<visible>Weather.IsFetched</visible>
						<include condition="!String.IsEmpty(Weather.plugin) + [Skin.HasSetting(home-weather) | Skin.HasSetting(home-currentweather)]" file="Includes_Shelf.xml">ShelfWeather</include>
					</control>
				</control>
				<control type="group" id="9803">
					<!-- Default Shelf image -->
					<visible>String.IsEqual(Container(9000).ListItem.Label2,$LOCALIZE[571])</visible>
					<control type="group">
						<control type="image">
							<left>696</left>
							<top>87</top>
							<width>528</width>
							<height>264</height>
							<aspectratio>keep</aspectratio>
							<texture background="true">skin-logo-big.png</texture>
						</control>
						<control type="image">
							<left>696</left>
							<top>351</top>
							<width>528</width>
							<height>264</height>
							<aspectratio scalediffuse="true">keep</aspectratio>
							<texture flipy="true" diffuse="mask-fade.png">skin-logo-big.png</texture>
						</control>
					</control>
				</control>
			</control>
		</control>

		<!-- Play bump sound if user tries to leave menu by undefined direction -->
		<include content="illegal-action">
			<param name="controlid" value="9005" />
			<param name="returnid" value="9000" />
		</include>
		<!-- Play bump sound if user tries to leave Movie shelf by undefined direction -->
		<include content="illegal-action">
			<param name="controlid" value="9050" />
			<param name="returnid" value="9160" />
		</include>
		<!-- Play bump sound if user tries to leave TV shelf by undefined direction -->
		<include content="illegal-action">
			<param name="controlid" value="9052" />
			<param name="returnid" value="9210" />
		</include>
		<!-- Play bump sound if user tries to leave Music shelf by undefined direction -->
		<include content="illegal-action">
			<param name="controlid" value="9054" />
			<param name="returnid" value="9260" />
		</include>
		<!-- Play bump sound if user tries to leave Addons shelf by undefined direction -->
		<include content="illegal-action">
			<param name="controlid" value="9056" />
			<param name="returnid" value="9360" />
		</include>

		<control type="image">
			<!-- Mask the front face of shelf to hide shelf icon reflections -->
			<left>0</left>
			<top>471</top>
			<width>1920</width>
			<height>609</height>
			<texture>background-iconhome.png</texture>
		</control>
		<control type="group">
			<control type="image">
				<!-- Hilite first row of icons (first page) -->
				<left>0</left>
				<top>501</top>
				<width>1920</width>
				<height>249</height>
				<texture>background-iconhomehilite.png</texture>
				<visible>Container(9000).Row(0)</visible>
			</control>
			<control type="image">
				<!-- Hilite second row of icons (first page) -->
				<left>0</left>
				<top>738</top>
				<width>1920</width>
				<height>264</height>
				<texture>background-iconhomehilite.png</texture>
				<visible>Container(9000).Row(1)</visible>
			</control>
		</control>
		<control type="panel" id="9000">
			<!-- Home menu icon panel -->
			<animation condition="![Container(9000).Row(0) | Container(9000).Row(1)] | Container(9000).HasPrevious()" effect="slide" start="0,0" end="0,-465" time="100">Conditonal</animation>
			<top>510</top>
			<left>15</left>
			<width>1890</width>
			<height>964</height>
			<onleft>6100</onleft>
			<onright>9005</onright>
			<onup condition="![Control.IsVisible(9802) | Control.IsVisible(9803)]">9800</onup>
			<onup condition="Control.IsVisible(9802) | Control.IsVisible(9803)">9005</onup>
			<ondown>9005</ondown>
			<itemlayout height="240" width="378">
				<control type="image">
					<left>39</left>
					<top>15</top>
					<width>300</width>
					<height>180</height>
					<aspectratio>keep</aspectratio>
					<texture diffuse="homeiconmask.png">$INFO[ListItem.Art(thumb)]</texture>
				</control>
				<include content="listitem-count">
					<param name="left" value="255" />
					<param name="top" value="135" />
					<param name="count" value="ListItem.Property(count)" />
					<param name="size" value="75" />
				</include>
				<!--<include content="listitem-weather">
					<param name="left" value="0" />
					<param name="top" value="0" />
					<param name="size" value="100" />
					<param name="currently" value="ListItem.Property(currenttemp)" />
					<param name="visible" value="String.IsEqual(ListItem.Label2,$LOCALIZE[8])" />
				</include>-->
			</itemlayout>
			<focusedlayout height="240" width="378">
				<control type="image">
					<left>10</left>
					<top>0</top>
					<width>357</width>
					<height>213</height>
					<aspectratio>keep</aspectratio>
					<texture diffuse="homeiconmask.png">$INFO[ListItem.Art(thumb)]</texture>
					<bordertexture border="6">homeiconhilite.png</bordertexture>
					<bordersize>6</bordersize>
				</control>
				<include content="listitem-count">
					<param name="left" value="267" />
					<param name="top" value="147" />
					<param name="count" value="ListItem.Property(count)" />
					<param name="size" value="85" />
				</include>
				<!--<include content="listitem-weather">
					<param name="left" value="0" />
					<param name="top" value="0" />
					<param name="size" value="118" />
					<param name="currently" value="ListItem.Property(currenttemp)" />
					<param name="visible" value="String.IsEqual(ListItem.Label2,$LOCALIZE[8])" />
				</include>-->
				<control type="label">
					<left>0</left>
					<top>206</top>
					<width>378</width>
					<height>34</height>
					<align>center</align>
					<label>$INFO[ListItem.Label]</label>
					<font>apptv22</font>
				</control>
			</focusedlayout>
			<content>
				<item>
					<!-- Videos -->
					<visible>!Skin.HasSetting(home-video)</visible>
					<thumb>$VAR[HomeVideoIcon]</thumb>
					<label>$LOCALIZE[3]</label>
					<label2>$LOCALIZE[571]</label2>
					<onclick>ActivateWindow(videos,Root,return)</onclick>
				</item>
				<item>
					<!-- Movies -->
					<visible>!Skin.HasSetting(home-movie)</visible>
					<thumb>$VAR[HomeMovieIcon]</thumb>
					<label>$LOCALIZE[31026]</label>
					<label2>$LOCALIZE[31026]</label2>
					<property name="count">$INFO[Window(home).Property(Movies.UnWatched)]</property>
					<onclick>$VAR[MovieLibEntry]</onclick>
				</item>
				<item>
					<!-- TV Shows -->
					<visible>!Skin.HasSetting(home-tvshows)</visible>
					<thumb>$VAR[HomeTVShowsIcon]</thumb>
					<label>$LOCALIZE[20343]</label>
					<label2>$LOCALIZE[20343]</label2>
					<property name="count">$INFO[Window(home).Property(TVShows.UnWatched)]</property>
					<onclick>$VAR[TVLibEntry]</onclick>
				</item>
				<item>
					<!-- Music -->
					<visible>!Skin.HasSetting(home-music)</visible>
					<thumb>$VAR[HomeMusicIcon]</thumb>
					<label>$LOCALIZE[2]</label>
					<label2>$LOCALIZE[2]</label2>
					<onclick>$VAR[MusicLibEntry]</onclick>
				</item>
				<item>
					<!-- Weather -->
					<visible>!String.IsEmpty(Weather.plugin) + [Skin.HasSetting(home-weather) | Skin.HasSetting(home-currentweather)]</visible>
					<thumb>$VAR[HomeWeatherIcon]</thumb>
					<label>$LOCALIZE[8]</label>
					<label2>$LOCALIZE[8]</label2>
					<property name="currenttemp">$INFO[Window(Weather).Property(Current.Temperature)]</property>
					<onclick>ActivateWindow(weather,,return)</onclick>
				</item>
				<item>
					<!-- System menu -->
					<thumb>special://skin/extras/homeicons/setting.png</thumb>
					<label>$LOCALIZE[5]</label>
					<label2>$LOCALIZE[571]</label2>
					<onclick>ActivateWindow(settings)</onclick>
				</item>
				<item>
					<!-- Music Videos -->
					<visible>Skin.HasSetting(home-musicvideo)</visible>
					<thumb>$VAR[HomeMusicVideoIcon]</thumb>
					<label>$LOCALIZE[31028]</label>
					<label2>$LOCALIZE[571]</label2>
					<property name="count">$INFO[Window(home).Property(MusicVideos.UnWatched)]</property>
					<onclick>$VAR[MusicVideoLibEntry]</onclick>
				</item>
				<item>
					<!-- Live TV -->
					<visible>Pvr.HasTVChannels</visible>
					<thumb>$VAR[HomeTVIcon]</thumb>
					<label>$LOCALIZE[19020]</label>
					<label2>$LOCALIZE[571]</label2>
					<onclick>SetProperty(PVRType,tv,home)</onclick>
					<onclick>$VAR[TVEntry]</onclick>
				</item>
				<item>
					<!-- Live Radio -->
					<visible>Pvr.HasRadioChannels</visible>
					<thumb>$VAR[HomeRadioIcon]</thumb>
					<label>$LOCALIZE[19021]</label>
					<label2>$LOCALIZE[571]</label2>
					<onclick>SetProperty(PVRType,radio,home)</onclick>
					<onclick>$VAR[RadioEntry]</onclick>
				</item>
				<item>
					<!-- Addons menu -->
					<visible>!Skin.HasSetting(home-programs)</visible>
					<thumb>$VAR[HomeProgramsIcon]</thumb>
					<label>$LOCALIZE[24001]</label>
					<label2>$LOCALIZE[571]</label2>
					<onclick>ActivateWindow(1155,,return)</onclick>
				</item>
				<item>
					<!-- Pictures -->
					<visible>Skin.HasSetting(home-photos)</visible>
					<thumb>$VAR[HomePhotosIcon]</thumb>
					<label>$LOCALIZE[1]</label>
					<label2>$LOCALIZE[571]</label2>
					<onclick>ActivateWindow(pictures,,return)</onclick>
				</item>
				<item>
					<!-- Favourites -->
					<visible>Skin.HasSetting(home-favorites)</visible>
					<thumb>$VAR[HomeFavoritesIcon]</thumb>
					<label>$LOCALIZE[31652]</label>
					<label2>$LOCALIZE[571]</label2>
					<onclick>ActivateWindow(favourites)</onclick>
				</item>
				<item>
					<thumb>$INFO[Skin.String(CustomMovies.1.Icon)]</thumb>
					<label>$INFO[Skin.String(CustomMovies.1.Label)]</label>
					<label2>$LOCALIZE[571]</label2>
					<onclick>$INFO[Skin.String(CustomMovies.1.Path)]</onclick>
					<visible>!String.IsEmpty(Skin.String(CustomMovies.1.Path))</visible>
				</item>
				<item>
					<thumb>$INFO[Skin.String(CustomMovies.2.Icon)]</thumb>
					<label>$INFO[Skin.String(CustomMovies.2.Label)]</label>
					<label2>$LOCALIZE[571]</label2>
					<onclick>$INFO[Skin.String(CustomMovies.2.Path)]</onclick>
					<visible>!String.IsEmpty(Skin.String(CustomMovies.2.Path))</visible>
				</item>
				<item>
					<thumb>$INFO[Skin.String(CustomMovies.3.Icon)]</thumb>
					<label>$INFO[Skin.String(CustomMovies.3.Label)]</label>
					<label2>$LOCALIZE[571]</label2>
					<onclick>$INFO[Skin.String(CustomMovies.3.Path)]</onclick>
					<visible>!String.IsEmpty(Skin.String(CustomMovies.3.Path))</visible>
				</item>
				<item>
					<thumb>$INFO[Skin.String(CustomMovies.4.Icon)]</thumb>
					<label>$INFO[Skin.String(CustomMovies.4.Label)]</label>
					<label2>$LOCALIZE[571]</label2>
					<onclick>$INFO[Skin.String(CustomMovies.4.Path)]</onclick>
					<visible>!String.IsEmpty(Skin.String(CustomMovies.4.Path))</visible>
				</item>
				<item>
					<thumb>$INFO[Skin.String(CustomMovies.5.Icon)]</thumb>
					<label>$INFO[Skin.String(CustomMovies.5.Label)]</label>
					<label2>$LOCALIZE[571]</label2>
					<onclick>$INFO[Skin.String(CustomMovies.5.Path)]</onclick>
					<visible>!String.IsEmpty(Skin.String(CustomMovies.5.Path))</visible>
				</item>
				<item>
					<thumb>$INFO[Skin.String(CustomTVShow.1.Icon)]</thumb>
					<label>$INFO[Skin.String(CustomTVShow.1.Label)]</label>
					<label2>$LOCALIZE[571]</label2>
					<onclick>$INFO[Skin.String(CustomTVShow.1.Path)]</onclick>
					<visible>!String.IsEmpty(Skin.String(CustomTVShow.1.Path))</visible>
				</item>
				<item>
					<thumb>$INFO[Skin.String(CustomTVShow.2.Icon)]</thumb>
					<label>$INFO[Skin.String(CustomTVShow.2.Label)]</label>
					<label2>$LOCALIZE[571]</label2>
					<onclick>$INFO[Skin.String(CustomTVShow.2.Path)]</onclick>
					<visible>!String.IsEmpty(Skin.String(CustomTVShow.2.Path))</visible>
				</item>
				<item>
					<thumb>$INFO[Skin.String(CustomTVShow.3.Icon)]</thumb>
					<label>$INFO[Skin.String(CustomTVShow.3.Label)]</label>
					<label2>$LOCALIZE[571]</label2>
					<onclick>$INFO[Skin.String(CustomTVShow.3.Path)]</onclick>
					<visible>!String.IsEmpty(Skin.String(CustomTVShow.3.Path))</visible>
				</item>
				<item>
					<thumb>$INFO[Skin.String(CustomTVShow.4.Icon)]</thumb>
					<label>$INFO[Skin.String(CustomTVShow.4.Label)]</label>
					<label2>$LOCALIZE[571]</label2>
					<onclick>$INFO[Skin.String(CustomTVShow.4.Path)]</onclick>
					<visible>!String.IsEmpty(Skin.String(CustomTVShow.4.Path))</visible>
				</item>
				<item>
					<thumb>$INFO[Skin.String(CustomTVShow.5.Icon)]</thumb>
					<label>$INFO[Skin.String(CustomTVShow.5.Label)]</label>
					<label2>$LOCALIZE[571]</label2>
					<onclick>$INFO[Skin.String(CustomTVShow.5.Path)]</onclick>
					<visible>!String.IsEmpty(Skin.String(CustomTVShow.5.Path))</visible>
				</item>
				<item>
					<!-- Custom TV 1 -->
					<thumb>$INFO[Skin.String(CustomTV.1.Icon)]</thumb>
					<label>$INFO[Skin.String(CustomTV.1.Label)]</label>
					<label2>$LOCALIZE[571]</label2>
					<onclick>$INFO[Skin.String(CustomTV.1.Path)]</onclick>
					<visible>!String.IsEmpty(Skin.String(CustomTV.1.Path))</visible>
				</item>
				<item>
					<!-- Custom TV 2 -->
					<thumb>$INFO[Skin.String(CustomTV.2.Icon)]</thumb>
					<label>$INFO[Skin.String(CustomTV.2.Label)]</label>
					<label2>$LOCALIZE[571]</label2>
					<onclick>$INFO[Skin.String(CustomTV.2.Path)]</onclick>
					<visible>!String.IsEmpty(Skin.String(CustomTV.2.Path))</visible>
				</item>
				<item>
					<!-- Custom TV 3 -->
					<thumb>$INFO[Skin.String(CustomTV.3.Icon)]</thumb>
					<label>$INFO[Skin.String(CustomTV.3.Label)]</label>
					<label2>$LOCALIZE[571]</label2>
					<onclick>$INFO[Skin.String(CustomTV.3.Path)]</onclick>
					<visible>!String.IsEmpty(Skin.String(CustomTV.3.Path))</visible>
				</item>
				<item>
					<!-- Custom TV 4 -->
					<thumb>$INFO[Skin.String(CustomTV.4.Icon)]</thumb>
					<label>$INFO[Skin.String(CustomTV.4.Label)]</label>
					<label2>$LOCALIZE[571]</label2>
					<onclick>$INFO[Skin.String(CustomTV.4.Path)]</onclick>
					<visible>!String.IsEmpty(Skin.String(CustomTV.4.Path))</visible>
				</item>
				<item>
					<!-- Custom TV 5 -->
					<thumb>$INFO[Skin.String(CustomTV.5.Icon)]</thumb>
					<label>$INFO[Skin.String(CustomTV.5.Label)]</label>
					<label2>$LOCALIZE[571]</label2>
					<onclick>$INFO[Skin.String(CustomTV.5.Path)]</onclick>
					<visible>!String.IsEmpty(Skin.String(CustomTV.5.Path))</visible>
				</item>
				<item>
					<!-- Custom Radio 1 -->
					<thumb>$INFO[Skin.String(CustomRadio.1.Icon)]</thumb>
					<label>$INFO[Skin.String(CustomRadio.1.Label)]</label>
					<label2>$LOCALIZE[571]</label2>
					<onclick>$INFO[Skin.String(CustomRadio.1.Path)]</onclick>
					<visible>!String.IsEmpty(Skin.String(CustomRadio.1.Path))</visible>
				</item>
				<item>
					<!-- Custom Radio 2 -->
					<thumb>$INFO[Skin.String(CustomRadio.2.Icon)]</thumb>
					<label>$INFO[Skin.String(CustomRadio.2.Label)]</label>
					<label2>$LOCALIZE[571]</label2>
					<onclick>$INFO[Skin.String(CustomRadio.2.Path)]</onclick>
					<visible>!String.IsEmpty(Skin.String(CustomRadio.2.Path))</visible>
				</item>
				<item>
					<!-- Custom Radio 3 -->
					<thumb>$INFO[Skin.String(CustomRadio.3.Icon)]</thumb>
					<label>$INFO[Skin.String(CustomRadio.3.Label)]</label>
					<label2>$LOCALIZE[571]</label2>
					<onclick>$INFO[Skin.String(CustomRadio.3.Path)]</onclick>
					<visible>!String.IsEmpty(Skin.String(CustomRadio.3.Path))</visible>
				</item>
				<item>
					<!-- Custom Radio 4 -->
					<thumb>$INFO[Skin.String(CustomRadio.4.Icon)]</thumb>
					<label>$INFO[Skin.String(CustomRadio.4.Label)]</label>
					<label2>$LOCALIZE[571]</label2>
					<onclick>$INFO[Skin.String(CustomRadio.4.Path)]</onclick>
					<visible>!String.IsEmpty(Skin.String(CustomRadio.4.Path))</visible>
				</item>
				<item>
					<!-- Custom Radio 5 -->
					<thumb>$INFO[Skin.String(CustomRadio.5.Icon)]</thumb>
					<label>$INFO[Skin.String(CustomRadio.5.Label)]</label>
					<label2>$LOCALIZE[571]</label2>
					<onclick>$INFO[Skin.String(CustomRadio.5.Path)]</onclick>
					<visible>!String.IsEmpty(Skin.String(CustomRadio.5.Path))</visible>
				</item>
				<item>
					<thumb>$INFO[Skin.String(CustomFav.1.Icon)]</thumb>
					<label>$INFO[Skin.String(CustomFav.1.Label)]</label>
					<label2>$LOCALIZE[571]</label2>
					<onclick>$INFO[Skin.String(CustomFav.1.Path)]</onclick>
					<visible>!String.IsEmpty(Skin.String(CustomFav.1.Path))</visible>
				</item>
				<item>
					<thumb>$INFO[Skin.String(CustomFav.2.Icon)]</thumb>
					<label>$INFO[Skin.String(CustomFav.2.Label)]</label>
					<label2>$LOCALIZE[571]</label2>
					<onclick>$INFO[Skin.String(CustomFav.2.Path)]</onclick>
					<visible>!String.IsEmpty(Skin.String(CustomFav.2.Path))</visible>
				</item>
				<item>
					<thumb>$INFO[Skin.String(CustomFav.3.Icon)]</thumb>
					<label>$INFO[Skin.String(CustomFav.3.Label)]</label>
					<label2>$LOCALIZE[571]</label2>
					<onclick>$INFO[Skin.String(CustomFav.3.Path)]</onclick>
					<visible>!String.IsEmpty(Skin.String(CustomFav.3.Path))</visible>
				</item>
				<item>
					<thumb>$INFO[Skin.String(CustomFav.4.Icon)]</thumb>
					<label>$INFO[Skin.String(CustomFav.4.Label)]</label>
					<label2>$LOCALIZE[571]</label2>
					<onclick>$INFO[Skin.String(CustomFav.4.Path)]</onclick>
					<visible>!String.IsEmpty(Skin.String(CustomFav.4.Path))</visible>
				</item>
				<item>
					<thumb>$INFO[Skin.String(CustomFav.5.Icon)]</thumb>
					<label>$INFO[Skin.String(CustomFav.5.Label)]</label>
					<label2>$LOCALIZE[571]</label2>
					<onclick>$INFO[Skin.String(CustomFav.5.Path)]</onclick>
					<visible>!String.IsEmpty(Skin.String(CustomFav.5.Path))</visible>
				</item>
				<item>
					<thumb>$INFO[Skin.String(CustomMusic.1.Icon)]</thumb>
					<label>$INFO[Skin.String(CustomMusic.1.Label)]</label>
					<label2>$LOCALIZE[571]</label2>
					<onclick>$INFO[Skin.String(CustomMusic.1.Path)]</onclick>
					<visible>!String.IsEmpty(Skin.String(CustomMusic.1.Path))</visible>
				</item>
				<item>
					<thumb>$INFO[Skin.String(CustomMusic.2.Icon)]</thumb>
					<label>$INFO[Skin.String(CustomMusic.2.Label)]</label>
					<label2>$LOCALIZE[571]</label2>
					<onclick>$INFO[Skin.String(CustomMusic.2.Path)]</onclick>
					<visible>!String.IsEmpty(Skin.String(CustomMusic.2.Path))</visible>
				</item>
				<item>
					<thumb>$INFO[Skin.String(CustomMusic.3.Icon)]</thumb>
					<label>$INFO[Skin.String(CustomMusic.3.Label)]</label>
					<label2>$LOCALIZE[571]</label2>
					<onclick>$INFO[Skin.String(CustomMusic.3.Path)]</onclick>
					<visible>!String.IsEmpty(Skin.String(CustomMusic.3.Path))</visible>
				</item>
				<item>
					<thumb>$INFO[Skin.String(CustomMusic.4.Icon)]</thumb>
					<label>$INFO[Skin.String(CustomMusic.4.Label)]</label>
					<label2>$LOCALIZE[571]</label2>
					<onclick>$INFO[Skin.String(CustomMusic.4.Path)]</onclick>
					<visible>!String.IsEmpty(Skin.String(CustomMusic.4.Path))</visible>
				</item>
				<item>
					<thumb>$INFO[Skin.String(CustomMusic.5.Icon)]</thumb>
					<label>$INFO[Skin.String(CustomMusic.5.Label)]</label>
					<label2>$LOCALIZE[571]</label2>
					<onclick>$INFO[Skin.String(CustomMusic.5.Path)]</onclick>
					<visible>!String.IsEmpty(Skin.String(CustomMusic.5.Path))</visible>
				</item>
				<item>
					<thumb>$INFO[Skin.String(CustomAddon.1.Icon)]</thumb>
					<label>$INFO[Skin.String(CustomAddon.1.Label)]</label>
					<label2>$LOCALIZE[571]</label2>
					<onclick>$INFO[Skin.String(CustomAddon.1.Path)]</onclick>
					<visible>!String.IsEmpty(Skin.String(CustomAddon.1.Path))</visible>
				</item>
				<item>
					<thumb>$INFO[Skin.String(CustomAddon.2.Icon)]</thumb>
					<label>$INFO[Skin.String(CustomAddon.2.Label)]</label>
					<label2>$LOCALIZE[571]</label2>
					<onclick>$INFO[Skin.String(CustomAddon.2.Path)]</onclick>
					<visible>!String.IsEmpty(Skin.String(CustomAddon.2.Path))</visible>
				</item>
				<item>
					<thumb>$INFO[Skin.String(CustomAddon.3.Icon)]</thumb>
					<label>$INFO[Skin.String(CustomAddon.3.Label)]</label>
					<label2>$LOCALIZE[571]</label2>
					<onclick>$INFO[Skin.String(CustomAddon.3.Path)]</onclick>
					<visible>!String.IsEmpty(Skin.String(CustomAddon.3.Path))</visible>
				</item>
				<item>
					<thumb>$INFO[Skin.String(CustomAddon.4.Icon)]</thumb>
					<label>$INFO[Skin.String(CustomAddon.4.Label)]</label>
					<label2>$LOCALIZE[571]</label2>
					<onclick>$INFO[Skin.String(CustomAddon.4.Path)]</onclick>
					<visible>!String.IsEmpty(Skin.String(CustomAddon.4.Path))</visible>
				</item>
				<item>
					<thumb>$INFO[Skin.String(CustomAddon.5.Icon)]</thumb>
					<label>$INFO[Skin.String(CustomAddon.5.Label)]</label>
					<label2>$LOCALIZE[571]</label2>
					<onclick>$INFO[Skin.String(CustomAddon.5.Path)]</onclick>
					<visible>!String.IsEmpty(Skin.String(CustomAddon.5.Path))</visible>
				</item>
				<item>
					<!-- Search -->
					<visible>Skin.HasSetting(home-search)</visible>
					<thumb>$VAR[HomeSearchIcon]</thumb>
					<label>$LOCALIZE[137]</label>
					<label2>$LOCALIZE[571]</label2>
					<onclick condition="!System.HasAddon(script.globalsearch)">InstallAddon(script.globalsearch)</onclick>
					<onclick condition="System.HasAddon(script.globalsearch)">RunScript(script.globalsearch)</onclick>
				</item>
				<item>
					<!-- Filemanager -->
					<visible>Skin.HasSetting(home-filemanager)</visible>
					<thumb>$VAR[HomeFileManagerIcon]</thumb>
					<label>$LOCALIZE[10003]</label>
					<label2>$LOCALIZE[571]</label2>
					<onclick>ActivateWindow(filemanager)</onclick>
				</item>
				<item>
					<!-- Profiles -->
					<visible>Skin.HasSetting(home-profile)</visible>
					<thumb>$VAR[HomeProfileIcon]</thumb>
					<label>$LOCALIZE[20092]</label>
					<label2>$LOCALIZE[571]</label2>
					<onclick>System.LogOff</onclick>
				</item>
				<item>
					<!-- Quit -->
					<visible>!Skin.HasSetting(home-shutdown)</visible>
					<thumb>$VAR[HomeShutdownIcon]</thumb>
					<label>$LOCALIZE[13009]</label>
					<label2>$LOCALIZE[571]</label2>
					<onclick condition="!String.IsEqual(Skin.String(home-quitaction),$LOCALIZE[31558])">SetProperty(ShutdownKodi,true,home)</onclick>
					<onclick>$VAR[QuitAction]</onclick>
				</item>
			</content>
		</control>
		<control type="group">
			<visible>[Container(9000).Row(0) | Container(9000).Row(1)] + !Container(9000).HasPrevious()</visible>
			<control type="image">
				<!-- Hide third row of icons if still in the first two rows of panel -->
				<left>0</left>
				<top>1005</top>
				<width>1920</width>
				<height>75</height>
				<texture>background-iconhome.png</texture>
			</control>
			<control type="button">
				<!-- Onfocus, move to next row of icon panel -->
				<left>0</left>
				<top>1005</top>
				<width>1920</width>
				<height>75</height>
				<texturefocus>blank.png</texturefocus>
				<texturenofocus>blank.png</texturenofocus>
				<onfocus>Control.Message(9000,moveup)</onfocus>
			</control>
		</control>
		<!-- RSS info -->
		<control type="group" id="9940">
			<include condition="System.GetBool(lookandfeel.enablerssfeeds)">page-info</include>
		</control>
	</include>
</includes>