<?xml version="1.0" encoding="utf-8"?>
<window>
	<defaultcontrol>655</defaultcontrol>
	<animation effect="fade" end="0" time="200" condition="Window.IsVisible(addonsettings)">Conditional</animation>
	<controls>
		<control type="grouplist" id="620">
			<!-- Play group OSD Buttons -->
			<left>1076</left>
			<top>902</top>
			<width>138</width>
			<height>64</height>
			<itemgap>3</itemgap>
			<orientation>horizontal</orientation>
			<align>center</align>
			<ondown>650</ondown>
			<visible>Control.HasFocus(655) | ControlGroup(620).HasFocus()</visible>
			<control type="button" id="621">
				<!-- Tempo down -->
				<width>64</width>
				<height>64</height>
				<texturefocus>osd-btn-tempodown-focus.png</texturefocus>
				<texturenofocus>osd-btn-tempodown.png</texturenofocus>
				<onclick>PlayerControl(tempodown)</onclick>
				<include>focus-zoom</include>
				<visible>Player.TempoEnabled</visible>
			</control>
			<control type="button" id="622">
				<!-- Tempo up -->
				<width>64</width>
				<height>64</height>
				<texturefocus>osd-btn-tempoup-focus.png</texturefocus>
				<texturenofocus>osd-btn-tempoup.png</texturenofocus>
				<onclick>PlayerControl(tempoup)</onclick>
				<include>focus-zoom</include>
				<visible>Player.TempoEnabled</visible>
			</control>
		</control>
		<control type="grouplist" id="630">
			<!-- Settings group OSD Buttons -->
			<left>1045</left>
			<top>902</top>
			<width>280</width>
			<height>64</height>
			<itemgap>6</itemgap>
			<orientation>horizontal</orientation>
			<align>center</align>
			<ondown>650</ondown>
			<visible>Control.HasFocus(652) | ControlGroup(630).HasFocus()</visible>
			<control type="togglebutton" id="631">
				<!-- Lyrics -->
				<width>64</width>
				<height>64</height>
				<texturenofocus>osd-btn-lyric.png</texturenofocus>
				<texturefocus>osd-btn-lyric-focus.png</texturefocus>
				<alttexturenofocus>osd-btn-lyric.png</alttexturenofocus>
				<alttexturefocus>osd-btn-lyric-focus.png</alttexturefocus>
				<onclick>Dialog.Close(musicosd)</onclick>
				<onclick>RunScript(script.cu.lrclyrics)</onclick>
				<altclick>InstallAddon(script.cu.lrclyrics)</altclick>
				<altclick>Dialog.Close(musicosd)</altclick>
				<altclick>RunScript(script.cu.lrclyrics)</altclick>
				<usealttexture>!System.HasAddon(script.cu.lrclyrics)</usealttexture>
			</control>
			<control type="button" id="633">
				<!-- Popup Vis Preset List -->
				<width>64</width>
				<height>64</height>
				<texturefocus>osd-btn-vis-focus.png</texturefocus>
				<texturenofocus>osd-btn-vis.png</texturenofocus>
				<onclick>ActivateWindow(visualisationpresetlist)</onclick>
				<include>focus-zoom</include>
				<visible>Visualisation.Enabled + Visualisation.HasPresets</visible>
			</control>
			<control type="button" id="634">
				<!-- Popup Vis Settings -->
				<width>64</width>
				<height>64</height>
				<texturefocus>osd-btn-vissetting-focus.png</texturefocus>
				<texturenofocus>osd-btn-vissetting.png</texturenofocus>
				<onclick>Addon.Default.OpenSettings(xbmc.player.musicviz)</onclick>
				<include>focus-zoom</include>
				<visible>Visualisation.Enabled + Visualisation.HasPresets</visible>
			</control>
			<control type="button" id="635">
				<!-- Audio Menu -->
				<width>64</width>
				<height>64</height>
				<texturefocus>osd-btn-audio-focus.png</texturefocus>
				<texturenofocus>osd-btn-audio.png</texturenofocus>
				<onclick>ActivateWindow(osdaudiosettings)</onclick>
				<include>focus-zoom</include>
			</control>
		</control>
		<control type="grouplist" id="640">
			<!-- Back group OSD buttons -->
			<left>1232</left>
			<top>902</top>
			<width>140</width>
			<height>64</height>
			<itemgap>6</itemgap>
			<orientation>horizontal</orientation>
			<align>center</align>
			<ondown>650</ondown>
			<visible>Control.HasFocus(654) | ControlGroup(640).HasFocus()</visible>
			<control type="button" id="642">
				<!-- Skip Bwd -->
				<width>64</width>
				<height>64</height>
				<texturefocus>osd-btn-skipback-focus.png</texturefocus>
				<texturenofocus>osd-btn-skipback.png</texturenofocus>
				<onclick>PlayerControl(Previous)</onclick>
				<include>focus-zoom</include>
			</control>
		</control>
		<control type="grouplist" id="650">
			<!-- Default group OSD buttons -->
			<left>1081</left>
			<top>968</top>
			<width>566</width>
			<height>64</height>
			<itemgap>6</itemgap>
			<orientation>horizontal</orientation>
			<align>center</align>
			<ondown>690</ondown>
			<control type="button" id="651">
				<!-- Fullscreen -->
				<width>64</width>
				<height>64</height>
				<texturefocus>osd-btn-zoom-focus.png</texturefocus>
				<texturenofocus>osd-btn-zoom.png</texturenofocus>
				<onclick>Dialog.Close(playercontrols)</onclick>
				<onclick>Fullscreen</onclick>
				<include>focus-zoom</include>
			</control>
			<control type="button" id="652">
				<!-- Settings -->
				<width>64</width>
				<height>64</height>
				<texturefocus>osd-btn-setting-focus.png</texturefocus>
				<texturenofocus>osd-btn-setting.png</texturenofocus>
				<onclick>SetFocus(630)</onclick>
				<onup>630</onup>
				<include>focus-zoom</include>
			</control>
			<control type="image" id="653">
				<!-- Dummy -->
				<width>32</width>
				<height>64</height>
				<texture>blank.png</texture>
			</control>
			<control type="button" id="654">
				<!-- Rewind -->
				<width>64</width>
				<height>64</height>
				<texturefocus>osd-btn-rewind-focus.png</texturefocus>
				<texturenofocus>osd-btn-rewind.png</texturenofocus>
				<onclick>PlayerControl(Rewind)</onclick>
				<onup>SetFocus(640)</onup>
				<include>focus-zoom</include>
			</control>
			<control type="togglebutton" id="655">
				<!-- Play -->
				<width>64</width>
				<height>64</height>
				<texturefocus>osd-btn-pause-focus.png</texturefocus>
				<texturenofocus>osd-btn-pause.png</texturenofocus>
				<usealttexture>Player.Paused | Player.Forwarding | Player.Rewinding</usealttexture>
				<alttexturefocus>osd-btn-play-focus.png</alttexturefocus>
				<alttexturenofocus>osd-btn-play.png</alttexturenofocus>
				<onclick>PlayerControl(Play)</onclick>
				<onup>SetFocus(620)</onup>
				<include>focus-zoom</include>
			</control>
			<control type="button" id="656">
				<!-- Stop -->
				<width>64</width>
				<height>64</height>
				<texturefocus>osd-btn-stop-focus.png</texturefocus>
				<texturenofocus>osd-btn-stop.png</texturenofocus>
				<onclick>PlayerControl(Stop)</onclick>
				<include>focus-zoom</include>
			</control>
			<control type="button" id="657">
				<!-- Fast Forward -->
				<width>64</width>
				<height>64</height>
				<texturefocus>osd-btn-fastfwd-focus.png</texturefocus>
				<texturenofocus>osd-btn-fastfwd.png</texturenofocus>
				<onclick>PlayerControl(Forward)</onclick>
				<onup>SetFocus(660)</onup>
				<include>focus-zoom</include>
			</control>
			<control type="image" id="658">
				<!-- Dummy -->
				<width>32</width>
				<height>64</height>
				<texture>blank.png</texture>
			</control>
			<control type="button" id="659">
				<!-- More options -->
				<width>64</width>
				<height>64</height>
				<texturefocus>osd-btn-more-focus.png</texturefocus>
				<texturenofocus>osd-btn-more.png</texturenofocus>
				<onclick>SetFocus(670)</onclick>
				<onup>SetFocus(670)</onup>
				<include>focus-zoom</include>
			</control>
		</control>
		<control type="grouplist" id="660">
			<!-- Forward group OSD Button -->
			<left>1425</left>
			<top>902</top>
			<width>140</width>
			<height>64</height>
			<itemgap>3</itemgap>
			<orientation>horizontal</orientation>
			<align>center</align>
			<ondown>650</ondown>
			<visible>Control.HasFocus(657) | ControlGroup(660).HasFocus()</visible>
			<control type="button" id="662">
				<!-- Skip Fwd -->
				<width>64</width>
				<height>64</height>
				<texturefocus>osd-btn-skipfwd-focus.png</texturefocus>
				<texturenofocus>osd-btn-skipfwd.png</texturenofocus>
				<onclick>PlayerControl(Next)</onclick>
				<include>focus-zoom</include>
			</control>
		</control>
		<control type="grouplist" id="670">
			<!-- More group OSD Buttons -->
			<left>1333</left>
			<top>902</top>
			<width>560</width>
			<height>64</height>
			<itemgap>3</itemgap>
			<orientation>horizontal</orientation>
			<align>center</align>
			<ondown>650</ondown>
			<visible>Control.HasFocus(659) | ControlGroup(670).HasFocus()</visible>
			<control type="togglebutton" id="672">
				<!-- Random -->
				<width>64</width>
				<height>64</height>
				<texturefocus>osd-btn-playthru-focus.png</texturefocus>
				<texturenofocus>osd-btn-playthru.png</texturenofocus>
				<usealttexture>Playlist.IsRandom</usealttexture>
				<alttexturefocus>osd-btn-random-focus.png</alttexturefocus>
				<alttexturenofocus>osd-btn-random.png</alttexturenofocus>
				<onclick>PlayerControl(Random)</onclick>
				<include>focus-zoom</include>
			</control>
			<control type="group" id="673">
				<!-- Repeat -->
				<width>64</width>
				<height>64</height>
				<include>focus-zoom</include>
				<control type="button" id="674">
					<texturefocus/>
					<texturenofocus/>
					<width>64</width>
					<height>64</height>
					<onleft>672</onleft>
					<onright>675</onright>
					<ondown>650</ondown>
					<onclick>PlayerControl(Repeat)</onclick>
				</control>
				<control type="image">
					<width>64</width>
					<height>64</height>
					<texture>$VAR[PlayerControlRepeatImage]</texture>
				</control>
			</control>
			<control type="button" id="675">
				<!-- Playlist -->
				<width>64</width>
				<height>64</height>
				<texturefocus>osd-btn-playlist-focus.png</texturefocus>
				<texturenofocus>osd-btn-playlist.png</texturenofocus>
				<onclick>ActivateWindow(musicplaylist)</onclick>
				<include>focus-zoom</include>
			</control>
			<control type="button" id="677">
				<!-- Volume Up -->
				<width>64</width>
				<height>64</height>
				<texturefocus>osd-btn-volumeup-focus.png</texturefocus>
				<texturenofocus>osd-btn-volumeup.png</texturenofocus>
				<include>focus-zoom</include>
				<onclick>VolumeUp</onclick>
			</control>
			<control type="button" id="678">
				<!-- Volume Down -->
				<width>64</width>
				<height>64</height>
				<texturefocus>osd-btn-volumedown-focus.png</texturefocus>
				<texturenofocus>osd-btn-volumedown.png</texturenofocus>
				<include>focus-zoom</include>
				<onclick>VolumeDown</onclick>
			</control>
			<control type="button" id="679">
				<!-- Eject Disk -->
				<width>64</width>
				<height>64</height>
				<texturefocus>osd-btn-eject-focus.png</texturefocus>
				<texturenofocus>osd-btn-eject.png</texturenofocus>
				<onclick>EjectTray()</onclick>
				<onclick>SetFocus(1115)</onclick>
				<include>focus-zoom</include>
				<visible>System.HasMediadvd</visible>
			</control>
			<control type="togglebutton" id="680">
				<!-- Record -->
				<width>64</width>
				<height>64</height>
				<texturefocus>osd-btn-rec-focus.png</texturefocus>
				<texturenofocus>osd-btn-rec.png</texturenofocus>
				<usealttexture>Player.CanRecord + Player.Recording</usealttexture>
				<alttexturefocus>osd-btn-rec-recording-focus.png</alttexturefocus>
				<alttexturenofocus>osd-btn-rec-recording.png</alttexturenofocus>
				<onclick>PlayerControl(record)</onclick>
				<include>focus-zoom</include>
				<visible>Player.CanRecord</visible>
			</control>
			<control type="button" id="983">
				<!-- RDS Info -->
				<width>64</width>
				<height>64</height>
				<texturefocus>osd-btn-guide-focus.png</texturefocus>
				<texturenofocus>osd-btn-guide.png</texturenofocus>
				<onclick>ActivateWindow(pvrradiordsinfo)</onclick>
				<include>focus-zoom</include>
				<visible>MusicPlayer.Content(LiveTV) + RDS.HasRadiotextPlus</visible>
			</control>
		</control>
		<control type="group">
			<!-- Don't display if a stream or radio is playing, no point -->
			<visible>!String.IsEmpty(MusicPlayer.TimeRemaining) + !Pvr.IsPlayingRadio</visible>
			<control type="progress">
				<left>862</left>
				<top>1042</top>
				<width>1012</width>
				<height>18</height>
				<info>Player.Progress</info>
			</control>
			<control type="slider" id="690">
				<!-- Seek slider -->
				<left>862</left>
				<top>1042</top>
				<width>1012</width>
				<height>18</height>
				<action>seek</action>
				<onup>650</onup>
			</control>
		</control>
	</controls>
</window>