<?xml version="1.0" encoding="utf-8"?>
<window>
	<controls>
		<control type="group" id="100">
			<control type="image">
				<!-- Solid background use as base to other background images -->
				<include>fullscreenimage</include>
				<texture>background.png</texture>
			</control>
			<control type="image">
				<!-- Custom background -->
				<include>fullscreenimage</include>
				<aspectratio>stretch</aspectratio>
				<texture>$INFO[Skin.String(background-custom)]</texture>
				<colordiffuse>$VAR[BackgndImageVisibity]</colordiffuse>
				<visible>!String.IsEmpty(Skin.String(background-custom))</visible>
			</control>
			<control type="group">
				<!-- Fanart backgrounds for focused search item -->
				<visible>!Skin.HasSetting(background-fanarts)</visible>
				<control type="image">
					<include>fullscreenimage</include>
					<texture background="true">$INFO[Container(111).ListItem.Property(Fanart)]</texture>
					<aspectratio>scale</aspectratio>
					<colordiffuse>$VAR[BackgndImageVisibity]</colordiffuse>
					<visible>Control.HasFocus(111) + String.IsEmpty(Control.GetLabel(190))</visible>
				</control>
				<control type="image">
					<include>fullscreenimage</include>
					<texture background="true">$INFO[Container(121).ListItem.Property(Fanart)]</texture>
					<aspectratio>scale</aspectratio>
					<colordiffuse>$VAR[BackgndImageVisibity]</colordiffuse>
					<visible>Control.HasFocus(121) + String.IsEmpty(Control.GetLabel(190))</visible>
				</control>
				<control type="image">
					<include>fullscreenimage</include>
					<texture background="true">$INFO[Container(131).ListItem.Property(Fanart)]</texture>
					<aspectratio>scale</aspectratio>
					<colordiffuse>$VAR[BackgndImageVisibity]</colordiffuse>
					<visible>Control.HasFocus(131) + String.IsEmpty(Control.GetLabel(190))</visible>
				</control>
				<control type="image">
					<include>fullscreenimage</include>
					<texture background="true">$INFO[Container(141).ListItem.Property(Fanart)]</texture>
					<aspectratio>scale</aspectratio>
					<colordiffuse>$VAR[BackgndImageVisibity]</colordiffuse>
					<visible>Control.HasFocus(141) + String.IsEmpty(Control.GetLabel(190))</visible>
				</control>
				<control type="image">
					<include>fullscreenimage</include>
					<texture background="true">$INFO[Container(151).ListItem.Property(Fanart)]</texture>
					<aspectratio>scale</aspectratio>
					<colordiffuse>$VAR[BackgndImageVisibity]</colordiffuse>
					<visible>Control.HasFocus(151) + String.IsEmpty(Control.GetLabel(190))</visible>
				</control>
				<control type="image">
					<include>fullscreenimage</include>
					<texture background="true">$INFO[Container(161).ListItem.Property(Fanart)]</texture>
					<aspectratio>scale</aspectratio>
					<colordiffuse>$VAR[BackgndImageVisibity]</colordiffuse>
					<visible>Control.HasFocus(161) + String.IsEmpty(Control.GetLabel(190))</visible>
				</control>
				<control type="image">
					<include>fullscreenimage</include>
					<texture background="true">$INFO[Container(171).ListItem.Property(Fanart)]</texture>
					<aspectratio>scale</aspectratio>
					<colordiffuse>$VAR[BackgndImageVisibity]</colordiffuse>
					<visible>Control.HasFocus(171) + String.IsEmpty(Control.GetLabel(190))</visible>
				</control>
				<control type="image">
					<include>fullscreenimage</include>
					<texture background="true">$INFO[Container(181).ListItem.Property(Fanart)]</texture>
					<aspectratio>scale</aspectratio>
					<colordiffuse>$VAR[BackgndImageVisibity]</colordiffuse>
					<visible>Control.HasFocus(181) + String.IsEmpty(Control.GetLabel(190))</visible>
				</control>
				<control type="image">
					<include>fullscreenimage</include>
					<texture background="true">$INFO[Container(211).ListItem.Property(Fanart)]</texture>
					<aspectratio>scale</aspectratio>
					<colordiffuse>$VAR[BackgndImageVisibity]</colordiffuse>
					<visible>Control.HasFocus(211) + String.IsEmpty(Control.GetLabel(190))</visible>
				</control>
				<control type="image">
					<include>fullscreenimage</include>
					<texture background="true">$INFO[Container(221).ListItem.Property(Fanart)]</texture>
					<aspectratio>scale</aspectratio>
					<colordiffuse>$VAR[BackgndImageVisibity]</colordiffuse>
					<visible>Control.HasFocus(221) + String.IsEmpty(Control.GetLabel(190))</visible>
				</control>
				<control type="image">
					<include>fullscreenimage</include>
					<texture background="true">$INFO[Container(231).ListItem.Property(Fanart)]</texture>
					<aspectratio>scale</aspectratio>
					<colordiffuse>$VAR[BackgndImageVisibity]</colordiffuse>
					<visible>Control.HasFocus(231) + String.IsEmpty(Control.GetLabel(190))</visible>
				</control>
			</control>
			<!-- Search results logo and label -->
			<control type="label">
				<!-- Heading label -->
				<left>1170</left>
				<top>52</top>
				<width>720</width>
				<height>48</height>
				<label>$LOCALIZE[283] [I]$INFO[Window.Property(GlobalSearch.SearchString)][/I]</label>
				<font>apptv30</font>
				<visible>String.IsEmpty(Control.GetLabel(190))</visible>
			</control>
			<control type="label" id="199">
				<!-- No search results -->
				<left>60</left>
				<top>537</top>
				<width>1800</width>
				<height>39</height>
				<label>[B]$LOCALIZE[284][/B]</label>
				<align>center</align>
			</control>
			<control type="button" id="198">
				<!-- New search button -->
				<left>802</left>
				<top>996</top>
				<width>375</width>
				<height>69</height>
				<font>apptv22</font>
				<align>center</align>
				<onup>101</onup>
				<ondown>101</ondown>
				<onleft>101</onleft>
				<onright>101</onright>
			</control>
			<control type="grouplist" id="101">
				<!-- Movies results -->
				<visible>String.IsEmpty(Control.GetLabel(190))</visible>
				<left>45</left>
				<top>98</top>
				<width>1830</width>
				<height>900</height>
				<itemgap>0</itemgap>
				<control type="group" id="119">
					<left>0</left>
					<top>0</top>
					<width>1800</width>
					<height>300</height>
					<control type="grouplist">
						<left>15</left>
						<top>0</top>
						<width>1470</width>
						<height>45</height>
						<orientation>horizontal</orientation>
						<control type="label">
							<width min="15" max="1050">auto</width>
							<height>45</height>
							<label>[B]$LOCALIZE[342]: [/B]</label>
						</control>
						<control type="label" id="110">
							<width min="15" max="420">auto</width>
							<height>45</height>
						</control>
					</control>
					<control type="list" id="111">
						<left>15</left>
						<top>38</top>
						<width>1800</width>
						<height>255</height>
						<onleft>111</onleft>
						<onright>111</onright>
						<onup>198</onup>
						<ondown>211</ondown>
						<orientation>horizontal</orientation>
						<viewtype label="535">list</viewtype>
						<preloaditems>4</preloaditems>
						<itemlayout width="900" height="255">
							<control type="image">
								<left>6</left>
								<top>52</top>
								<width>150</width>
								<height>150</height>
								<aspectratio>keep</aspectratio>
								<texture background="true">$INFO[ListItem.Icon]</texture>
							</control>
							<control type="label">
								<left>165</left>
								<top>15</top>
								<width>720</width>
								<height>38</height>
								<label>[B]$INFO[ListItem.Label][/B]</label>
								<font>apptv23</font>
							</control>
							<control type="label">
								<left>165</left>
								<top>54</top>
								<width>720</width>
								<height>38</height>
								<label>$INFO[ListItem.Property(Year),, - ]$INFO[ListItem.Property(Duration),, $LOCALIZE[12391]]</label>
								<font>apptv23</font>
								<visible>!String.Contains(ListItem.Property(Duration),min)</visible>
							</control>
							<control type="label">
								<left>165</left>
								<top>54</top>
								<width>720</width>
								<height>38</height>
								<label>$INFO[ListItem.Property(Year),, - ]$INFO[ListItem.Property(Duration)]</label>
								<font>apptv23</font>
								<visible>String.Contains(ListItem.Property(Duration),min)</visible>
							</control>
							<control type="textbox">
								<left>165</left>
								<top>93</top>
								<width>720</width>
								<height>123</height>
								<label>$INFO[ListItem.Property(Tagline)]</label>
								<font>apptv23</font>
							</control>
							<control type="textbox">
								<left>165</left>
								<top>93</top>
								<width>720</width>
								<height>123</height>
								<label>$INFO[ListItem.Property(PlotOutline)]</label>
								<font>apptv23</font>
								<visible>String.IsEmpty(ListItem.Property(TagLine))</visible>
							</control>
							<control type="textbox">
								<left>165</left>
								<top>93</top>
								<width>720</width>
								<height>123</height>
								<label>$INFO[ListItem.Property(Plot)]</label>
								<font>apptv23</font>
								<visible>String.IsEmpty(ListItem.Property(TagLine)) + String.IsEmpty(ListItem.Property(PlotOutline))</visible>
							</control>
						</itemlayout>
						<focusedlayout width="900" height="255">
							<control type="image">
								<!-- Focused search result background-->
								<left>0</left>
								<top>8</top>
								<width>900</width>
								<height>255</height>
								<texture border="9" diffuse="mask-rect.png">colours/blue.png</texture>
								<colordiffuse>mask-background</colordiffuse>
								<visible>Control.HasFocus(111)</visible>
							</control>
							<control type="image">
								<left>6</left>
								<top>52</top>
								<width>150</width>
								<height>150</height>
								<aspectratio>keep</aspectratio>
								<texture background="true">$INFO[ListItem.Icon]</texture>
							</control>
							<control type="label">
								<left>165</left>
								<top>15</top>
								<width>720</width>
								<height>38</height>
								<label>[B]$INFO[ListItem.Label][/B]</label>
								<font>apptv23</font>
							</control>
							<control type="label">
								<left>165</left>
								<top>54</top>
								<width>720</width>
								<height>38</height>
								<label>$INFO[ListItem.Property(Year),, - ]$INFO[ListItem.Property(Duration),, $LOCALIZE[12391]]</label>
								<font>apptv23</font>
								<visible>!String.Contains(ListItem.Property(Duration),min)</visible>
							</control>
							<control type="label">
								<left>165</left>
								<top>54</top>
								<width>720</width>
								<height>38</height>
								<label>$INFO[ListItem.Property(Year),, - ]$INFO[ListItem.Property(Duration)]</label>
								<font>apptv23</font>
								<visible>String.Contains(ListItem.Property(Duration),min)</visible>
							</control>
							<control type="textbox">
								<left>165</left>
								<top>93</top>
								<width>720</width>
								<height>123</height>
								<label>$INFO[ListItem.Property(Tagline)]</label>
								<font>apptv23</font>
							</control>
							<control type="textbox">
								<left>165</left>
								<top>93</top>
								<width>720</width>
								<height>123</height>
								<label>$INFO[ListItem.Property(PlotOutline)]</label>
								<font>apptv23</font>
								<visible>String.IsEmpty(ListItem.Property(TagLine))</visible>
							</control>
							<control type="textbox">
								<left>165</left>
								<top>93</top>
								<width>720</width>
								<height>123</height>
								<label>$INFO[ListItem.Property(Plot)]</label>
								<font>apptv23</font>
								<visible>String.IsEmpty(ListItem.Property(TagLine)) + String.IsEmpty(ListItem.Property(PlotOutline))</visible>
							</control>
						</focusedlayout>
					</control>
				</control>
				<control type="group" id="219">
					<!-- Actor results -->
					<left>0</left>
					<top>0</top>
					<width>1800</width>
					<height>300</height>
					<control type="grouplist">
						<left>15</left>
						<top>0</top>
						<width>1470</width>
						<height>45</height>
						<orientation>horizontal</orientation>
						<control type="label">
							<width min="15" max="1050">auto</width>
							<height>45</height>
							<label>[B]$ADDON[script.globalsearch 32211] $INFO[Window.Property(GlobalSearch.SearchString)]: [/B]</label>
							<font>apptv23</font>
						</control>
						<control type="label" id="210">
							<width min="15" max="420">auto</width>
							<height>45</height>
							<font>apptv23</font>
						</control>
					</control>
					<control type="list" id="211">
						<left>15</left>
						<top>38</top>
						<width>1800</width>
						<height>255</height>
						<onleft>211</onleft>
						<onright>211</onright>
						<onup>111</onup>
						<ondown>231</ondown>
						<orientation>horizontal</orientation>
						<viewtype label="535">list</viewtype>
						<preloaditems>4</preloaditems>
						<itemlayout width="900" height="255">
							<control type="image">
								<left>6</left>
								<top>52</top>
								<width>150</width>
								<height>150</height>
								<aspectratio>keep</aspectratio>
								<texture background="true">$INFO[ListItem.Icon]</texture>
							</control>
							<control type="label">
								<left>165</left>
								<top>15</top>
								<width>720</width>
								<height>38</height>
								<label>[B]$INFO[ListItem.Label][/B]</label>
								<font>apptv23</font>
							</control>
							<control type="label">
								<left>165</left>
								<top>54</top>
								<width>720</width>
								<height>38</height>
								<label>$INFO[ListItem.Property(Year),, - ]$INFO[ListItem.Property(Duration),, $LOCALIZE[12391]]</label>
								<font>apptv23</font>
								<visible>!String.Contains(ListItem.Property(Duration),min)</visible>
							</control>
							<control type="label">
								<left>165</left>
								<top>54</top>
								<width>720</width>
								<height>38</height>
								<label>$INFO[ListItem.Property(Year),, - ]$INFO[ListItem.Property(Duration)]</label>
								<font>apptv23</font>
								<visible>String.Contains(ListItem.Property(Duration),min)</visible>
							</control>
							<control type="textbox">
								<left>165</left>
								<top>93</top>
								<width>720</width>
								<height>123</height>
								<label>$INFO[ListItem.Property(Tagline)]</label>
								<font>apptv23</font>
							</control>
							<control type="textbox">
								<left>165</left>
								<top>93</top>
								<width>720</width>
								<height>123</height>
								<label>$INFO[ListItem.Property(PlotOutline)]</label>
								<font>apptv23</font>
								<visible>String.IsEmpty(ListItem.Property(TagLine))</visible>
							</control>
							<control type="textbox">
								<left>165</left>
								<top>93</top>
								<width>720</width>
								<height>123</height>
								<label>$INFO[ListItem.Property(Plot)]</label>
								<font>apptv23</font>
								<visible>String.IsEmpty(ListItem.Property(TagLine)) + String.IsEmpty(ListItem.Property(PlotOutline))</visible>
							</control>
						</itemlayout>
						<focusedlayout width="900" height="255">
							<control type="image">
								<!-- Focused search result background-->
								<left>0</left>
								<top>8</top>
								<width>900</width>
								<height>255</height>
								<texture border="9" diffuse="mask-rect.png">colours/blue.png</texture>
								<colordiffuse>mask-background</colordiffuse>
								<visible>Control.HasFocus(211)</visible>
							</control>
							<control type="image">
								<left>6</left>
								<top>52</top>
								<width>150</width>
								<height>150</height>
								<aspectratio>keep</aspectratio>
								<texture background="true">$INFO[ListItem.Icon]</texture>
							</control>
							<control type="label">
								<left>165</left>
								<top>15</top>
								<width>720</width>
								<height>38</height>
								<label>[B]$INFO[ListItem.Label][/B]</label>
								<font>apptv23</font>
							</control>
							<control type="label">
								<left>165</left>
								<top>54</top>
								<width>720</width>
								<height>38</height>
								<label>$INFO[ListItem.Property(Year),, - ]$INFO[ListItem.Property(Duration),, $LOCALIZE[12391]]</label>
								<font>apptv23</font>
								<visible>!String.Contains(ListItem.Property(Duration),min)</visible>
							</control>
							<control type="label">
								<left>165</left>
								<top>54</top>
								<width>720</width>
								<height>38</height>
								<label>$INFO[ListItem.Property(Year),, - ]$INFO[ListItem.Property(Duration)]</label>
								<font>apptv23</font>
								<visible>String.Contains(ListItem.Property(Duration),min)</visible>
							</control>
							<control type="textbox">
								<left>165</left>
								<top>93</top>
								<width>720</width>
								<height>123</height>
								<label>$INFO[ListItem.Property(Tagline)]</label>
								<font>apptv23</font>
							</control>
							<control type="textbox">
								<left>165</left>
								<top>93</top>
								<width>720</width>
								<height>123</height>
								<label>$INFO[ListItem.Property(PlotOutline)]</label>
								<font>apptv23</font>
								<visible>String.IsEmpty(ListItem.Property(TagLine))</visible>
							</control>
							<control type="textbox">
								<left>165</left>
								<top>93</top>
								<width>720</width>
								<height>123</height>
								<label>$INFO[ListItem.Property(Plot)]</label>
								<font>apptv23</font>
								<visible>String.IsEmpty(ListItem.Property(TagLine)) + String.IsEmpty(ListItem.Property(PlotOutline))</visible>
							</control>
						</focusedlayout>
					</control>
				</control>
				<control type="group" id="239">
					<!-- Director results -->
					<left>0</left>
					<top>0</top>
					<width>1800</width>
					<height>300</height>
					<control type="grouplist">
						<left>15</left>
						<top>0</top>
						<width>1470</width>
						<height>45</height>
						<orientation>horizontal</orientation>
						<control type="label">
							<width min="15" max="1050">auto</width>
							<height>45</height>
							<label>[B]$ADDON[script.globalsearch 32211] $INFO[Window.Property(GlobalSearch.SearchString)]: [/B]</label>
							<font>apptv23</font>
						</control>
						<control type="label" id="210">
							<width min="15" max="420">auto</width>
							<height>45</height>
							<font>apptv23</font>
						</control>
					</control>
					<control type="list" id="231">
						<left>15</left>
						<top>38</top>
						<width>1800</width>
						<height>255</height>
						<onleft>231</onleft>
						<onright>231</onright>
						<onup>211</onup>
						<ondown>121</ondown>
						<orientation>horizontal</orientation>
						<viewtype label="535">list</viewtype>
						<preloaditems>4</preloaditems>
						<itemlayout width="900" height="255">
							<control type="image">
								<left>6</left>
								<top>52</top>
								<width>150</width>
								<height>150</height>
								<aspectratio>keep</aspectratio>
								<texture background="true">$INFO[ListItem.Icon]</texture>
							</control>
							<control type="label">
								<left>165</left>
								<top>15</top>
								<width>720</width>
								<height>38</height>
								<label>[B]$INFO[ListItem.Label][/B]</label>
								<font>apptv23</font>
							</control>
							<control type="label">
								<left>165</left>
								<top>54</top>
								<width>720</width>
								<height>38</height>
								<label>$INFO[ListItem.Property(Year),, - ]$INFO[ListItem.Property(Duration),, $LOCALIZE[12391]]</label>
								<font>apptv23</font>
								<visible>!String.Contains(ListItem.Property(Duration),min)</visible>
							</control>
							<control type="label">
								<left>165</left>
								<top>54</top>
								<width>720</width>
								<height>38</height>
								<label>$INFO[ListItem.Property(Year),, - ]$INFO[ListItem.Property(Duration)]</label>
								<font>apptv23</font>
								<visible>String.Contains(ListItem.Property(Duration),min)</visible>
							</control>
							<control type="textbox">
								<left>165</left>
								<top>93</top>
								<width>720</width>
								<height>123</height>
								<label>$INFO[ListItem.Property(Tagline)]</label>
								<font>apptv23</font>
							</control>
							<control type="textbox">
								<left>165</left>
								<top>93</top>
								<width>720</width>
								<height>123</height>
								<label>$INFO[ListItem.Property(PlotOutline)]</label>
								<font>apptv23</font>
								<visible>String.IsEmpty(ListItem.Property(TagLine))</visible>
							</control>
							<control type="textbox">
								<left>165</left>
								<top>93</top>
								<width>720</width>
								<height>123</height>
								<label>$INFO[ListItem.Property(Plot)]</label>
								<font>apptv23</font>
								<visible>String.IsEmpty(ListItem.Property(TagLine)) + String.IsEmpty(ListItem.Property(PlotOutline))</visible>
							</control>
						</itemlayout>
						<focusedlayout width="900" height="255">
							<control type="image">
								<!-- Focused search result background-->
								<left>0</left>
								<top>8</top>
								<width>900</width>
								<height>255</height>
								<texture border="9" diffuse="mask-rect.png">colours/blue.png</texture>
								<colordiffuse>mask-background</colordiffuse>
								<visible>Control.HasFocus(211)</visible>
							</control>
							<control type="image">
								<left>6</left>
								<top>52</top>
								<width>150</width>
								<height>150</height>
								<aspectratio>keep</aspectratio>
								<texture background="true">$INFO[ListItem.Icon]</texture>
							</control>
							<control type="label">
								<left>165</left>
								<top>15</top>
								<width>720</width>
								<height>38</height>
								<label>[B]$INFO[ListItem.Label][/B]</label>
								<font>apptv23</font>
							</control>
							<control type="label">
								<left>165</left>
								<top>54</top>
								<width>720</width>
								<height>38</height>
								<label>$INFO[ListItem.Property(Year),, - ]$INFO[ListItem.Property(Duration),, $LOCALIZE[12391]]</label>
								<font>apptv23</font>
								<visible>!String.Contains(ListItem.Property(Duration),min)</visible>
							</control>
							<control type="label">
								<left>165</left>
								<top>54</top>
								<width>720</width>
								<height>38</height>
								<label>$INFO[ListItem.Property(Year),, - ]$INFO[ListItem.Property(Duration)]</label>
								<font>apptv23</font>
								<visible>String.Contains(ListItem.Property(Duration),min)</visible>
							</control>
							<control type="textbox">
								<left>165</left>
								<top>93</top>
								<width>720</width>
								<height>123</height>
								<label>$INFO[ListItem.Property(Tagline)]</label>
								<font>apptv23</font>
							</control>
							<control type="textbox">
								<left>165</left>
								<top>93</top>
								<width>720</width>
								<height>123</height>
								<label>$INFO[ListItem.Property(PlotOutline)]</label>
								<font>apptv23</font>
								<visible>String.IsEmpty(ListItem.Property(TagLine))</visible>
							</control>
							<control type="textbox">
								<left>165</left>
								<top>93</top>
								<width>720</width>
								<height>123</height>
								<label>$INFO[ListItem.Property(Plot)]</label>
								<font>apptv23</font>
								<visible>String.IsEmpty(ListItem.Property(TagLine)) + String.IsEmpty(ListItem.Property(PlotOutline))</visible>
							</control>
						</focusedlayout>
					</control>
				</control>
				<control type="group" id="129">
					<!-- TV Shows results -->
					<left>0</left>
					<top>0</top>
					<width>1800</width>
					<height>300</height>
					<control type="grouplist">
						<left>15</left>
						<top>0</top>
						<width>1470</width>
						<height>45</height>
						<orientation>horizontal</orientation>
						<control type="label">
							<width min="15" max="1050">auto</width>
							<height>45</height>
							<label>[B]$LOCALIZE[20343]: [/B]</label>
							<font>apptv23</font>
						</control>
						<control type="label" id="120">
							<width min="15" max="420">auto</width>
							<height>45</height>
							<font>apptv23</font>
						</control>
					</control>
					<control type="list" id="121">
						<left>15</left>
						<top>38</top>
						<width>1800</width>
						<height>255</height>
						<onleft>121</onleft>
						<onright>121</onright>
						<onup>211</onup>
						<ondown>131</ondown>
						<orientation>horizontal</orientation>
						<viewtype label="535">list</viewtype>
						<preloaditems>4</preloaditems>
						<itemlayout width="900" height="255">
							<control type="image">
								<left>6</left>
								<top>52</top>
								<width>150</width>
								<height>150</height>
								<aspectratio>keep</aspectratio>
								<texture fallback="DefaultTVShows.png" background="true">$INFO[ListItem.Icon]</texture>
							</control>
							<control type="label">
								<left>165</left>
								<top>15</top>
								<width>720</width>
								<height>38</height>
								<label>[B]$INFO[ListItem.Label][/B]</label>
								<font>apptv23</font>
							</control>
							<control type="label">
								<left>165</left>
								<top>54</top>
								<width>720</width>
								<height>38</height>
								<label>$INFO[ListItem.Property(Premiered)]</label>
								<font>apptv23</font>
							</control>
							<control type="textbox">
								<left>165</left>
								<top>93</top>
								<width>720</width>
								<height>123</height>
								<label>$INFO[ListItem.Property(Plot)]</label>
								<font>apptv23</font>
							</control>
						</itemlayout>
						<focusedlayout width="900" height="255">
							<control type="image">
								<!-- Focused search result background-->
								<left>0</left>
								<top>8</top>
								<width>900</width>
								<height>255</height>
								<texture border="9" diffuse="mask-rect.png">colours/blue.png</texture>
								<colordiffuse>mask-background</colordiffuse>
								<visible>Control.HasFocus(121)</visible>
							</control>
							<control type="image">
								<left>6</left>
								<top>52</top>
								<width>150</width>
								<height>150</height>
								<aspectratio>keep</aspectratio>
								<texture fallback="DefaultTVShows.png" background="true">$INFO[ListItem.Icon]</texture>
							</control>
							<control type="label">
								<left>165</left>
								<top>15</top>
								<width>720</width>
								<height>38</height>
								<label>[B]$INFO[ListItem.Label][/B]</label>
								<font>apptv23</font>
							</control>
							<control type="label">
								<left>165</left>
								<top>54</top>
								<width>720</width>
								<height>38</height>
								<label>$INFO[ListItem.Property(Premiered)]</label>
								<font>apptv23</font>
							</control>
							<control type="textbox">
								<left>165</left>
								<top>93</top>
								<width>720</width>
								<height>123</height>
								<label>$INFO[ListItem.Property(Plot)]</label>
								<font>apptv23</font>
							</control>
						</focusedlayout>
					</control>
				</control>
				<control type="group" id="139">
					<!-- TV Seasons results -->
					<left>0</left>
					<top>0</top>
					<width>1800</width>
					<height>300</height>
					<control type="grouplist">
						<left>15</left>
						<top>0</top>
						<width>1470</width>
						<height>45</height>
						<orientation>horizontal</orientation>
						<control type="label">
							<width min="15" max="1050">auto</width>
							<height>45</height>
							<label>[B]$LOCALIZE[33054]: [/B]</label>
							<font>apptv23</font>
						</control>
						<control type="label" id="130">
							<width min="15" max="420">auto</width>
							<height>45</height>
							<font>apptv23</font>
						</control>
					</control>
					<control type="list" id="131">
						<left>15</left>
						<top>38</top>
						<width>1800</width>
						<height>255</height>
						<onleft>131</onleft>
						<onright>131</onright>
						<onup>121</onup>
						<ondown>141</ondown>
						<orientation>horizontal</orientation>
						<viewtype label="535">list</viewtype>
						<preloaditems>4</preloaditems>
						<itemlayout width="900" height="255">
							<control type="image">
								<left>6</left>
								<top>52</top>
								<width>150</width>
								<height>150</height>
								<aspectratio>keep</aspectratio>
								<texture fallback="DefaultTVShows.png" background="true">$INFO[ListItem.Icon]</texture>
							</control>
							<control type="label">
								<left>165</left>
								<top>15</top>
								<width>720</width>
								<height>38</height>
								<label>[B]$INFO[ListItem.Label][/B]</label>
								<font>apptv23</font>
							</control>
							<control type="label">
								<left>165</left>
								<top>54</top>
								<width>720</width>
								<height>38</height>
								<label>$INFO[ListItem.Property(TvShowTitle)]</label>
								<font>apptv23</font>
							</control>
						</itemlayout>
						<focusedlayout width="900" height="255">
							<control type="image">
								<!-- Focused search result background-->
								<left>0</left>
								<top>8</top>
								<width>900</width>
								<height>255</height>
								<texture border="9" diffuse="mask-rect.png">colours/blue.png</texture>
								<colordiffuse>mask-background</colordiffuse>
								<visible>Control.HasFocus(131)</visible>
							</control>
							<control type="image">
								<left>6</left>
								<top>52</top>
								<width>150</width>
								<height>150</height>
								<aspectratio>keep</aspectratio>
								<texture fallback="DefaultTVShows.png" background="true">$INFO[ListItem.Icon]</texture>
							</control>
							<control type="label">
								<left>165</left>
								<top>15</top>
								<width>720</width>
								<height>38</height>
								<label>[B]$INFO[ListItem.Label][/B]</label>
								<font>apptv23</font>
							</control>
							<control type="label">
								<left>165</left>
								<top>54</top>
								<width>720</width>
								<height>38</height>
								<label>$INFO[ListItem.Property(TvShowTitle)]</label>
								<font>apptv23</font>
							</control>
						</focusedlayout>
					</control>
				</control>
				<control type="group" id="149">
					<!-- TV Episodes results -->
					<left>0</left>
					<top>0</top>
					<width>100%</width>
					<height>300</height>
					<control type="grouplist">
						<left>15</left>
						<top>0</top>
						<width>1470</width>
						<height>45</height>
						<orientation>horizontal</orientation>
						<control type="label">
							<width min="15" max="1050">auto</width>
							<height>45</height>
							<label>[B]$LOCALIZE[20360]: [/B]</label>
							<font>apptv23</font>
						</control>
						<control type="label" id="140">
							<width min="15" max="420">auto</width>
							<height>45</height>
							<font>apptv23</font>
						</control>
					</control>
					<control type="list" id="141">
						<left>15</left>
						<top>38</top>
						<width>1800</width>
						<height>255</height>
						<onleft>141</onleft>
						<onright>141</onright>
						<onup>131</onup>
						<ondown>221</ondown>
						<orientation>horizontal</orientation>
						<viewtype label="535">list</viewtype>
						<preloaditems>4</preloaditems>
						<itemlayout width="900" height="255">
							<control type="image">
								<left>6</left>
								<top>52</top>
								<width>150</width>
								<height>150</height>
								<aspectratio>keep</aspectratio>
								<texture fallback="DefaultTVShows.png" background="true">$INFO[ListItem.Icon]</texture>
							</control>
							<control type="label">
								<left>165</left>
								<top>15</top>
								<width>720</width>
								<height>38</height>
								<label>[B]$INFO[ListItem.Label][/B]</label>
								<font>apptv23</font>
							</control>
							<control type="label">
								<left>165</left>
								<top>54</top>
								<width>720</width>
								<height>38</height>
								<label>$INFO[ListItem.Property(TvShowTitle)]</label>
								<font>apptv23</font>
							</control>
							<control type="textbox">
								<left>165</left>
								<top>93</top>
								<width>720</width>
								<height>123</height>
								<label>$INFO[ListItem.Property(Plot)]</label>
								<font>apptv23</font>
							</control>
						</itemlayout>
						<focusedlayout width="900" height="255">
							<control type="image">
								<!-- Focused search result background-->
								<left>0</left>
								<top>8</top>
								<width>900</width>
								<height>255</height>
								<texture border="9" diffuse="mask-rect.png">colours/blue.png</texture>
								<colordiffuse>mask-background</colordiffuse>
								<visible>Control.HasFocus(141)</visible>
							</control>
							<control type="image">
								<left>6</left>
								<top>52</top>
								<width>150</width>
								<height>150</height>
								<aspectratio>keep</aspectratio>
								<texture fallback="DefaultTVShows.png" background="true">$INFO[ListItem.Icon]</texture>
							</control>
							<control type="label">
								<left>165</left>
								<top>15</top>
								<width>720</width>
								<height>38</height>
								<label>[B]$INFO[ListItem.Label][/B]</label>
								<font>apptv23</font>
							</control>
							<control type="label">
								<left>165</left>
								<top>54</top>
								<width>720</width>
								<height>38</height>
								<label>$INFO[ListItem.Property(TvShowTitle)]</label>
								<font>apptv23</font>
							</control>
							<control type="textbox">
								<left>165</left>
								<top>93</top>
								<width>720</width>
								<height>123</height>
								<label>$INFO[ListItem.Property(Plot)]</label>
								<font>apptv23</font>
							</control>
						</focusedlayout>
					</control>
				</control>
				<control type="group" id="229">
					<!-- EPG Results -->
					<left>0</left>
					<top>0</top>
					<width>100%</width>
					<height>300</height>
					<control type="grouplist">
						<left>15</left>
						<top>0</top>
						<width>1470</width>
						<height>45</height>
						<orientation>horizontal</orientation>
						<control type="label">
							<width min="15" max="1050">auto</width>
							<height>45</height>
							<label>[B]$ADDON[script.globalsearch 19069] $INFO[Window.Property(GlobalSearch.SearchString)]: [/B]</label>
							<font>apptv23</font>
						</control>
						<control type="label" id="220">
							<label/>
							<width min="15" max="420">auto</width>
							<height>45</height>
							<font>apptv23</font>
						</control>
					</control>
					<control type="list" id="221">
						<left>15</left>
						<top>38</top>
						<width>1800</width>
						<height>255</height>
						<onleft>221</onleft>
						<onright>221</onright>
						<onup>141</onup>
						<ondown>151</ondown>
						<orientation>horizontal</orientation>
						<viewtype label="535">list</viewtype>
						<preloaditems>4</preloaditems>
						<itemlayout width="900" height="255">
							<control type="image">
								<left>6</left>
								<top>52</top>
								<width>150</width>
								<height>150</height>
								<aspectratio>keep</aspectratio>
								<texture background="true">$INFO[ListItem.Icon]</texture>
							</control>
							<control type="label">
								<left>165</left>
								<top>15</top>
								<width>720</width>
								<height>38</height>
								<label>[B]$INFO[ListItem.Label][/B]</label>
								<font>apptv23</font>
							</control>
							<control type="label">
								<left>165</left>
								<top>54</top>
								<width>720</width>
								<height>38</height>
								<label>$INFO[ListItem.Property(Duration),, $LOCALIZE[12391]]</label>
								<font>apptv23</font>
							</control>
							<control type="textbox">
								<left>165</left>
								<top>93</top>
								<width>720</width>
								<height>123</height>
								<label>$INFO[ListItem.Property(Plot)]</label>
								<font>apptv23</font>
							</control>
						</itemlayout>
						<focusedlayout width="900" height="255">
							<control type="image">
								<!-- Focused search result background-->
								<left>0</left>
								<top>8</top>
								<width>900</width>
								<height>255</height>
								<texture border="9" diffuse="mask-rect.png">colours/blue.png</texture>
								<colordiffuse>mask-background</colordiffuse>
								<visible>Control.HasFocus(221)</visible>
							</control>
							<control type="image">
								<left>6</left>
								<top>52</top>
								<width>150</width>
								<height>150</height>
								<aspectratio>keep</aspectratio>
								<texture background="true">$INFO[ListItem.Icon]</texture>
							</control>
							<control type="label">
								<left>165</left>
								<top>15</top>
								<width>720</width>
								<height>38</height>
								<label>[B]$INFO[ListItem.Label][/B]</label>
								<font>apptv23</font>
							</control>
							<control type="label">
								<left>165</left>
								<top>54</top>
								<width>720</width>
								<height>38</height>
								<label>$INFO[ListItem.Property(Duration),, $LOCALIZE[12391]]</label>
								<font>apptv23</font>
							</control>
							<control type="textbox">
								<left>165</left>
								<top>93</top>
								<width>720</width>
								<height>123</height>
								<label>$INFO[ListItem.Property(Plot)]</label>
								<font>apptv23</font>
								<visible>String.IsEmpty(ListItem.Property(TagLine)) + String.IsEmpty(ListItem.Property(PlotOutline))</visible>
							</control>
						</focusedlayout>
					</control>
				</control>
				<control type="group" id="159">
					<!-- Music video search results -->
					<left>0</left>
					<top>0</top>
					<width>1800</width>
					<height>300</height>
					<control type="grouplist">
						<left>15</left>
						<top>0</top>
						<width>1470</width>
						<height>45</height>
						<orientation>horizontal</orientation>
						<control type="label">
							<width min="15" max="1050">auto</width>
							<height>45</height>
							<label>[B]$LOCALIZE[20389]: [/B]</label>
							<font>apptv23</font>
						</control>
						<control type="label" id="150">
							<width min="15" max="420">auto</width>
							<height>45</height>
							<font>apptv23</font>
						</control>
					</control>
					<control type="list" id="151">
						<left>15</left>
						<top>38</top>
						<width>1800</width>
						<height>255</height>
						<onleft>151</onleft>
						<onright>151</onright>
						<onup>221</onup>
						<ondown>161</ondown>
						<orientation>horizontal</orientation>
						<viewtype label="535">list</viewtype>
						<preloaditems>4</preloaditems>
						<itemlayout width="900" height="255">
							<control type="image">
								<left>6</left>
								<top>52</top>
								<width>150</width>
								<height>150</height>
								<aspectratio>keep</aspectratio>
								<texture fallback="DefaultMusicVideos.png" background="true">$INFO[ListItem.Icon]</texture>
							</control>
							<control type="label">
								<left>165</left>
								<top>15</top>
								<width>720</width>
								<height>38</height>
								<label>[B]$INFO[ListItem.Label][/B]</label>
								<font>apptv23</font>
							</control>
							<control type="label">
								<left>165</left>
								<top>54</top>
								<width>420</width>
								<height>38</height>
								<label>$INFO[ListItem.Property(studio)]</label>
								<font>apptv23</font>
							</control>
							<control type="label">
								<left>165</left>
								<top>93</top>
								<width>720</width>
								<height>38</height>
								<label>$INFO[ListItem.Property(Year)]</label>
								<font>apptv23</font>
							</control>
							<control type="label">
								<left>165</left>
								<top>132</top>
								<width>720</width>
								<height>38</height>
								<label>$INFO[ListItem.Property(Duration)]</label>
								<font>apptv23</font>
							</control>
						</itemlayout>
						<focusedlayout width="900" height="255">
							<control type="image">
								<!-- Focused search result background-->
								<left>0</left>
								<top>8</top>
								<width>900</width>
								<height>255</height>
								<texture border="9" diffuse="mask-rect.png">colours/blue.png</texture>
								<colordiffuse>mask-background</colordiffuse>
								<visible>Control.HasFocus(151)</visible>
							</control>
							<control type="image">
								<left>6</left>
								<top>52</top>
								<width>150</width>
								<height>150</height>
								<aspectratio>keep</aspectratio>
								<texture fallback="DefaultMusicVideos.png" background="true">$INFO[ListItem.Icon]</texture>
							</control>
							<control type="label">
								<left>165</left>
								<top>15</top>
								<width>720</width>
								<height>38</height>
								<label>[B]$INFO[ListItem.Label][/B]</label>
								<font>apptv23</font>
							</control>
							<control type="label">
								<left>165</left>
								<top>54</top>
								<width>720</width>
								<height>38</height>
								<label>$INFO[ListItem.Property(studio)]</label>
								<font>apptv23</font>
							</control>
							<control type="label">
								<left>165</left>
								<top>93</top>
								<width>720</width>
								<height>38</height>
								<label>$INFO[ListItem.Property(Year)]</label>
								<font>apptv23</font>
							</control>
							<control type="label">
								<left>165</left>
								<top>132</top>
								<width>720</width>
								<height>38</height>
								<label>$INFO[ListItem.Property(Duration)]</label>
								<font>apptv23</font>
							</control>
						</focusedlayout>
					</control>
				</control>
				<control type="group" id="169">
					<left>0</left>
					<top>0</top>
					<width>1800</width>
					<height>300</height>
					<control type="grouplist">
						<left>15</left>
						<top>0</top>
						<width>1470</width>
						<height>45</height>
						<orientation>horizontal</orientation>
						<control type="label">
							<width min="15" max="1050">auto</width>
							<height>45</height>
							<label>[B]$LOCALIZE[133]: [/B]</label>
							<font>apptv23</font>
						</control>
						<control type="label" id="160">
							<width min="15" max="420">auto</width>
							<height>45</height>
							<font>apptv23</font>
						</control>
					</control>
					<control type="list" id="161">
						<left>15</left>
						<top>38</top>
						<width>1800</width>
						<height>255</height>
						<onleft>161</onleft>
						<onright>161</onright>
						<onup>151</onup>
						<ondown>171</ondown>
						<orientation>horizontal</orientation>
						<viewtype label="535">list</viewtype>
						<preloaditems>4</preloaditems>
						<itemlayout width="900" height="255">
							<control type="image">
								<left>6</left>
								<top>52</top>
								<width>150</width>
								<height>150</height>
								<aspectratio>keep</aspectratio>
								<texture fallback="DefaultUser.png" background="true">$INFO[ListItem.Icon]</texture>
							</control>
							<control type="label">
								<left>165</left>
								<top>15</top>
								<width>720</width>
								<height>38</height>
								<label>[B]$INFO[ListItem.Label][/B]</label>
								<font>apptv23</font>
							</control>
							<control type="label">
								<left>165</left>
								<top>54</top>
								<width>720</width>
								<height>38</height>
								<label>$INFO[ListItem.Property(Artist_Genre)]</label>
								<font>apptv23</font>
							</control>
							<control type="textbox">
								<left>165</left>
								<top>93</top>
								<width>720</width>
								<height>123</height>
								<label>$INFO[ListItem.Property(Artist_Description)]</label>
								<font>apptv23</font>
							</control>
						</itemlayout>
						<focusedlayout width="900" height="255">
							<control type="image">
								<!-- Focused search result background-->
								<left>0</left>
								<top>8</top>
								<width>900</width>
								<height>255</height>
								<texture border="9" diffuse="mask-rect.png">colours/blue.png</texture>
								<colordiffuse>mask-background</colordiffuse>
								<visible>Control.HasFocus(161)</visible>
							</control>
							<control type="image">
								<left>6</left>
								<top>52</top>
								<width>150</width>
								<height>150</height>
								<aspectratio>keep</aspectratio>
								<texture fallback="DefaultUser.png" background="true">$INFO[ListItem.Icon]</texture>
							</control>
							<control type="label">
								<left>165</left>
								<top>15</top>
								<width>720</width>
								<height>38</height>
								<label>[B]$INFO[ListItem.Label][/B]</label>
								<font>apptv23</font>
							</control>
							<control type="label">
								<left>165</left>
								<top>54</top>
								<width>720</width>
								<height>38</height>
								<label>$INFO[ListItem.Property(Artist_Genre)]</label>
								<font>apptv23</font>
							</control>
							<control type="textbox">
								<left>165</left>
								<top>93</top>
								<width>720</width>
								<height>123</height>
								<label>$INFO[ListItem.Property(Artist_Description)]</label>
								<font>apptv23</font>
							</control>
						</focusedlayout>
					</control>
				</control>
				<control type="group" id="179">
					<!-- Music albums search results -->
					<left>0</left>
					<top>0</top>
					<width>1800</width>
					<height>300</height>
					<control type="grouplist">
						<left>15</left>
						<top>0</top>
						<width>1470</width>
						<height>45</height>
						<orientation>horizontal</orientation>
						<control type="label">
							<width min="15" max="1050">auto</width>
							<height>45</height>
							<label>[B]$LOCALIZE[132]: [/B]</label>
							<font>apptv23</font>
						</control>
						<control type="label" id="170">
							<width min="15" max="420">auto</width>
							<height>45</height>
							<font>apptv23</font>
						</control>
					</control>
					<control type="list" id="171">
						<left>15</left>
						<top>38</top>
						<width>1800</width>
						<height>255</height>
						<onleft>171</onleft>
						<onright>171</onright>
						<onup>161</onup>
						<ondown>181</ondown>
						<orientation>horizontal</orientation>
						<viewtype label="535">list</viewtype>
						<preloaditems>4</preloaditems>
						<itemlayout width="900" height="255">
							<control type="image">
								<left>6</left>
								<top>52</top>
								<width>150</width>
								<height>150</height>
								<aspectratio>keep</aspectratio>
								<texture fallback="DefaultAudio.png" background="true">$INFO[ListItem.Icon]</texture>
							</control>
							<control type="label">
								<left>165</left>
								<top>15</top>
								<width>720</width>
								<height>38</height>
								<label>[B]$INFO[ListItem.Label][/B]</label>
								<font>apptv23</font>
							</control>
							<control type="label">
								<left>165</left>
								<top>54</top>
								<width>720</width>
								<height>38</height>
								<label>$INFO[ListItem.Property(Artist)]</label>
								<font>apptv23</font>
							</control>
							<control type="textbox">
								<left>165</left>
								<top>93</top>
								<width>720</width>
								<height>123</height>
								<label>$INFO[ListItem.Property(Album_Description)]</label>
								<font>apptv23</font>
							</control>
						</itemlayout>
						<focusedlayout width="900" height="255">
							<control type="image">
								<!-- Focused search result background-->
								<left>0</left>
								<top>8</top>
								<width>900</width>
								<height>255</height>
								<texture border="9" diffuse="mask-rect.png">colours/blue.png</texture>
								<colordiffuse>mask-background</colordiffuse>
								<visible>Control.HasFocus(171)</visible>
							</control>
							<control type="image">
								<left>6</left>
								<top>52</top>
								<width>150</width>
								<height>150</height>
								<aspectratio>keep</aspectratio>
								<texture fallback="DefaultAudio.png" background="true">$INFO[ListItem.Icon]</texture>
							</control>
							<control type="label">
								<left>165</left>
								<top>15</top>
								<width>720</width>
								<height>38</height>
								<label>[B]$INFO[ListItem.Label][/B]</label>
								<font>apptv23</font>
							</control>
							<control type="label">
								<left>165</left>
								<top>54</top>
								<width>720</width>
								<height>38</height>
								<label>$INFO[ListItem.Property(Artist)]</label>
								<font>apptv23</font>
							</control>
							<control type="textbox">
								<left>165</left>
								<top>93</top>
								<width>720</width>
								<height>123</height>
								<label>$INFO[ListItem.Property(Album_Description)]</label>
								<font>apptv23</font>
							</control>
						</focusedlayout>
					</control>
				</control>
				<control type="group" id="189">
					<!-- Music songs search results -->
					<left>0</left>
					<top>0</top>
					<width>1800</width>
					<height>300</height>
					<control type="grouplist">
						<left>15</left>
						<top>0</top>
						<width>1470</width>
						<height>45</height>
						<orientation>horizontal</orientation>
						<control type="label">
							<width min="15" max="1050">auto</width>
							<height>45</height>
							<label>[B]$LOCALIZE[134]: [/B]</label>
							<font>apptv23</font>
						</control>
						<control type="label" id="180">
							<width min="15" max="420">auto</width>
							<height>45</height>
							<font>apptv23</font>
						</control>
					</control>
					<control type="list" id="181">
						<left>15</left>
						<top>38</top>
						<width>1800</width>
						<height>255</height>
						<onleft>181</onleft>
						<onright>181</onright>
						<onup>171</onup>
						<ondown>198</ondown>
						<orientation>horizontal</orientation>
						<viewtype label="535">list</viewtype>
						<preloaditems>4</preloaditems>
						<itemlayout width="900" height="255">
							<control type="image">
								<left>6</left>
								<top>52</top>
								<width>150</width>
								<height>150</height>
								<aspectratio>keep</aspectratio>
								<texture fallback="DefaultAudio.png" background="true">$INFO[ListItem.Icon]</texture>
							</control>
							<control type="label">
								<left>165</left>
								<top>15</top>
								<width>720</width>
								<height>38</height>
								<label>[B]$INFO[ListItem.Label][/B]</label>
								<font>apptv23</font>
							</control>
							<control type="label">
								<left>165</left>
								<top>54</top>
								<width>720</width>
								<height>38</height>
								<label>$INFO[ListItem.Property(Artist)]</label>
								<font>apptv23</font>
							</control>
							<control type="label">
								<left>165</left>
								<top>93</top>
								<width>720</width>
								<height>38</height>
								<label>$INFO[ListItem.Property(Genre)]</label>
								<font>apptv23</font>
							</control>
							<control type="label">
								<left>165</left>
								<top>132</top>
								<width>720</width>
								<height>38</height>
								<label>$INFO[ListItem.Property(Duration)]</label>
								<font>apptv23</font>
							</control>
						</itemlayout>
						<focusedlayout width="900" height="255">
							<control type="image">
								<!-- Focused search result background-->
								<left>0</left>
								<top>8</top>
								<width>900</width>
								<height>255</height>
								<texture border="9" diffuse="mask-rect.png">colours/blue.png</texture>
								<colordiffuse>mask-background</colordiffuse>
								<visible>Control.HasFocus(181)</visible>
							</control>
							<control type="image">
								<left>6</left>
								<top>52</top>
								<width>150</width>
								<height>150</height>
								<aspectratio>keep</aspectratio>
								<texture fallback="DefaultAudio.png" background="true">$INFO[ListItem.Icon]</texture>
							</control>
							<control type="label">
								<left>165</left>
								<top>15</top>
								<width>720</width>
								<height>38</height>
								<label>[B]$INFO[ListItem.Label][/B]</label>
								<font>apptv23</font>
							</control>
							<control type="label">
								<left>165</left>
								<top>54</top>
								<width>720</width>
								<height>38</height>
								<label>$INFO[ListItem.Property(Artist)]</label>
								<font>apptv23</font>
							</control>
							<control type="label">
								<left>165</left>
								<top>93</top>
								<width>720</width>
								<height>38</height>
								<label>$INFO[ListItem.Property(Genre)]</label>
								<font>apptv23</font>
							</control>
							<control type="label">
								<left>165</left>
								<top>132</top>
								<width>720</width>
								<height>38</height>
								<label>$INFO[ListItem.Property(Duration)]</label>
								<font>apptv23</font>
							</control>
						</focusedlayout>
					</control>
				</control>
			</control>
			<control type="group">
				<visible>!String.IsEmpty(Control.GetLabel(190))</visible>
				<include>fadebackground</include>
				<control type="label" id="190">
					<!-- Searching label -->
					<left>360</left>
					<top>278</top>
					<width>1200</width>
					<height>57</height>
					<font>apptv38</font>
					<align>center</align>
				</control>
				<control type="label" id="191">
					<!-- Search categories -->
					<left>360</left>
					<top>338</top>
					<width>1200</width>
					<height>57</height>
					<font>apptv38</font>
					<align>center</align>
				</control>
				<control type="image">
					<!-- Busy animation -->
					<left>864</left>
					<top>446</top>
					<width>192</width>
					<height>192</height>
					<texture>busy.png</texture>
					<aspectratio>keep</aspectratio>
					<include>busy-spin</include>
				</control>
				<control type="label">
					<!-- Busy text -->
					<left>360</left>
					<top>663</top>
					<width>1200</width>
					<height>75</height>
					<font>apptv38</font>
					<align>center</align>
					<aligny>top</aligny>
					<label>$LOCALIZE[20186]</label>
				</control>
			</control>
		</control>
	</controls>
</window>