<?xml version="1.0" encoding="utf-8"?>
<window>
	<defaultcontrol always="true">4012</defaultcontrol>
	<controls>
		<control type="image">
			<!-- Dialog background -->
			<left>0</left>
			<top>693</top>
			<height>396</height>
			<width>1920</width>
			<texture colordiffuse="mask-background">background-mask.png</texture>
		</control>
		<control type="group">
			<right>0</right>
			<bottom>0</bottom>
			<width>1920</width>
			<height>396</height>
			<control type="group">
				<!-- -->
				<control type="image" id="4001">
					<!-- Poster -->
					<left>4</left>
					<top>4</top>
					<width>216</width>
					<height>324</height>
					<fadetime>350</fadetime>
					<aspectratio scalediffuse="false">scale</aspectratio>
				</control>
				<control type="label">
					<!-- Still Watching ? -->
					<top>10</top>
					<left>255</left>
					<width>98%</width>
					<height>40</height>
					<font>apptv23</font>
					<label>$ADDON[service.nextup.notification 30012]</label>
				</control>
				<control type="label">
					<!-- Time remaining -->
					<right>30</right>
					<top>10</top>
					<width>300</width>
					<height>40</height>
					<align>right</align>
					<font>apptv23</font>
					<label>$INFO[Player.TimeRemaining(ss),,sec(s)]</label>
				</control>
				<control type="label" id="4000">
					<!-- Title -->
					<left>255</left>
					<top>60</top>
					<width>98%</width>
					<height>40</height>
					<font>apptv30</font>
				</control>
				<control type="label" id="4004">
					<!-- Year -->
					<left>345</left>
					<top>250</top>
					<width>98%</width>
					<height>40</height>
					<font>apptv23</font>
				</control>
				<control type="textbox" id="4006">
					<!-- Plot -->
					<left>255</left>
					<top>110</top>
					<width>98%</width>
					<height>262</height>
					<font>apptv20</font>
					<align>justify</align>
				</control>
				<!-- buttons -->
				<control type="button" id="4012">
					<!-- Still Watching -->
					<right>945</right>
					<bottom>15</bottom>
					<width>450</width>
					<height>75</height>
					<align>center</align>
					<onright>4013</onright>
					<font>apptv22</font>
					<label>$ADDON[service.nextup.notification 30010]</label>
				</control>
				<control type="button" id="4013">
					<!-- Cancel -->
					<right>480</right>
					<bottom>15</bottom>
					<width>450</width>
					<height>75</height>
					<align>center</align>
					<onleft>4012</onleft>
					<font>apptv22</font>
					<label>222</label>
				</control>
			</control>
		</control>
	</controls>
</window>