<?xml version="1.0" encoding="utf-8"?>
<window>
	<defaultcontrol>101</defaultcontrol>
	<controls>
		<control type="group">
			<control type="label" id="200">
				<visible>false</visible>
			</control>
			<!-- ** Required ** Do not change <id> or <type> (Smooth scrolling list for lyrics) -->
			<control type="list" id="110">
				<left>30</left>
				<top>150</top>
				<width>1860</width>
				<height>555</height>
				<onleft>111</onleft>
				<onright>111</onright>
				<onup>110</onup>
				<ondown>110</ondown>
				<pagecontrol>111</pagecontrol>
				<itemlayout height="60">
				</itemlayout>
				<focusedlayout height="75">
				</focusedlayout>
			</control>
			<control type="group">
				<visible>!String.IsEmpty(Container(110).ListItem.Label)</visible>
				<control type="group">
					<visible>[!String.IsEmpty(Window(Home).Property(culrc.islrc)) + Integer.IsGreater(Container(110).ListItem.Property(duration),299) + !Integer.IsGreater(Container(110).ListItem.Property(duration),1449)] | String.IsEmpty(Container(110).ListItem.Property(part4))</visible>
					<!--Short LINEA 1 & 6-->
					<control type="group">
						<left>510</left>
						<top>-20</top>
						<animation effect="rotate" center="auto" start="4" end="4" time="0" condition="true">Conditional</animation>
						<control type="textbox">
							<visible>!Container(110).OnNext + !Container(110).OnPrevious + String.EndsWith(Container(110).Currentitem,1)</visible>
							<animation effect="slide" start="0,-600" end="0,0" time="250" tween="sine" easing="out" reversible="false">Visible</animation>
							<animation effect="fade" start="0" end="0" time="10">Hidden</animation>
							<left>-1</left>
							<top>-1</top>
							<include>line1</include>
							<label>$INFO[Container(110).ListItem.Property(part1)] $INFO[Container(110).ListItem.Property(part2)] $INFO[Container(110).ListItem.Property(part3)] $INFO[Container(110).ListItem.Property(part4)]</label>
							<textcolor>black</textcolor>
						</control>
						<control type="textbox">
							<visible>!Container(110).OnNext + !Container(110).OnPrevious + String.EndsWith(Container(110).Currentitem,1)</visible>
							<animation effect="slide" start="0,-600" end="0,0" time="250" tween="sine" easing="out" reversible="false">Visible</animation>
							<animation effect="fade" start="0" end="0" time="10">Hidden</animation>
							<left>2</left>
							<top>2</top>
							<include>line1</include>
							<label>$INFO[Container(110).ListItem.Property(part1)] $INFO[Container(110).ListItem.Property(part2)] $INFO[Container(110).ListItem.Property(part3)] $INFO[Container(110).ListItem.Property(part4)]</label>
							<textcolor>black</textcolor>
						</control>
						<control type="textbox">
							<visible>!Container(110).OnNext + !Container(110).OnPrevious + String.EndsWith(Container(110).Currentitem,1)</visible>
							<animation effect="slide" start="0,-600" end="0,0" time="250" tween="sine" easing="out" reversible="false">Visible</animation>
							<animation effect="fade" start="0" end="0" time="10">Hidden</animation>
							<left>0</left>
							<top>0</top>
							<include>line1</include>
							<shadowcolor>black</shadowcolor>
							<label>[COLOR=ff69bbd3]$INFO[Container(110).ListItem.Property(part1)] [/COLOR][COLOR=ffe16b6b]$INFO[Container(110).ListItem.Property(part2)] [/COLOR][COLOR=fff8e950]$INFO[Container(110).ListItem.Property(part3)] [/COLOR][COLOR=fffffaf0]$INFO[Container(110).ListItem.Property(part4)][/COLOR]</label>
						</control>
						<control type="textbox">
							<visible>!Container(110).OnNext + !Container(110).OnPrevious + String.EndsWith(Container(110).Currentitem,6)</visible>
							<animation effect="slide" start="0,-600" end="0,0" time="250" tween="sine" easing="out" reversible="false">Visible</animation>
							<animation effect="fade" start="0" end="0" time="10">Hidden</animation>
							<left>-1</left>
							<top>-1</top>
							<include>line1</include>
							<label>$INFO[Container(110).ListItem.Property(part1)] $INFO[Container(110).ListItem.Property(part2)] $INFO[Container(110).ListItem.Property(part3)] $INFO[Container(110).ListItem.Property(part4)]</label>
							<textcolor>black</textcolor>
						</control>
						<control type="textbox">
							<visible>!Container(110).OnNext + !Container(110).OnPrevious + String.EndsWith(Container(110).Currentitem,6)</visible>
							<animation effect="slide" start="0,-600" end="0,0" time="250" tween="sine" easing="out" reversible="false">Visible</animation>
							<animation effect="fade" start="0" end="0" time="10">Hidden</animation>
							<left>2</left>
							<top>2</top>
							<include>line1</include>
							<label>$INFO[Container(110).ListItem.Property(part1)] $INFO[Container(110).ListItem.Property(part2)] $INFO[Container(110).ListItem.Property(part3)] $INFO[Container(110).ListItem.Property(part4)]</label>
							<textcolor>black</textcolor>
						</control>
						<control type="textbox">
							<visible>!Container(110).OnNext + !Container(110).OnPrevious + String.EndsWith(Container(110).Currentitem,6)</visible>
							<animation effect="slide" start="0,-600" end="0,0" time="250" tween="sine" easing="out" reversible="false">Visible</animation>
							<animation effect="fade" start="0" end="0" time="10">Hidden</animation>
							<left>0</left>
							<top>0</top>
							<include>line1</include>
							<shadowcolor>black</shadowcolor>
							<label>[COLOR=ff69bbd3]$INFO[Container(110).ListItem.Property(part1)] [/COLOR][COLOR=ffe16b6b]$INFO[Container(110).ListItem.Property(part2)] [/COLOR][COLOR=fff8e950]$INFO[Container(110).ListItem.Property(part3)] [/COLOR][COLOR=fffffaf0]$INFO[Container(110).ListItem.Property(part4)][/COLOR]</label>
						</control>
					</control>
					<!--Short LINEA 3 & 8-->
					<control type="group">
						<left>510</left>
						<top>-20</top>
						<animation effect="rotate" center="auto" start="4" end="4" time="0" condition="true">Conditional</animation>
						<control type="textbox">
							<visible>!Container(110).OnNext + !Container(110).OnPrevious + String.EndsWith(Container(110).Currentitem,3)</visible>
							<animation effect="slide" start="-900,0" end="0,0" time="250" tween="sine" easing="out" reversible="false">Visible</animation>
							<animation effect="fade" start="0" end="0" time="10">Hidden</animation>
							<label>$INFO[Container(110).ListItem.Property(part1)] $INFO[Container(110).ListItem.Property(part2)] $INFO[Container(110).ListItem.Property(part3)][CR]$INFO[Container(110).ListItem.Property(part4)]</label>
							<include>line3</include>
							<left>-1</left>
							<top>-1</top>
							<textcolor>black</textcolor>
						</control>
						<control type="textbox">
							<visible>!Container(110).OnNext + !Container(110).OnPrevious + String.EndsWith(Container(110).Currentitem,3)</visible>
							<animation effect="slide" start="-900,0" end="0,0" time="250" tween="sine" easing="out" reversible="false">Visible</animation>
							<animation effect="fade" start="0" end="0" time="10">Hidden</animation>
							<label>$INFO[Container(110).ListItem.Property(part1)] $INFO[Container(110).ListItem.Property(part2)] $INFO[Container(110).ListItem.Property(part3)][CR]$INFO[Container(110).ListItem.Property(part4)]</label>
							<include>line3</include>
							<left>3</left>
							<top>3</top>
							<textcolor>black</textcolor>
						</control>
						<control type="textbox">
							<visible>!Container(110).OnNext + !Container(110).OnPrevious + String.EndsWith(Container(110).Currentitem,3)</visible>
							<animation effect="slide" start="-900,0" end="0,0" time="250" tween="sine" easing="out" reversible="false">Visible</animation>
							<animation effect="fade" start="0" end="0" time="10">Hidden</animation>
							<label>[COLOR=ffff9a32]$INFO[Container(110).ListItem.Property(part1)] [/COLOR][COLOR=ffbcfb24]$INFO[Container(110).ListItem.Property(part2)] [/COLOR][COLOR=ff9a9699]$INFO[Container(110).ListItem.Property(part3)][CR][/COLOR][COLOR=fffffaf0]$INFO[Container(110).ListItem.Property(part4)][/COLOR]</label>
							<include>line3</include>
							<left>0</left>
							<top>0</top>
							<shadowcolor>black</shadowcolor>
						</control>
						<control type="textbox">
							<visible>!Container(110).OnNext + !Container(110).OnPrevious + String.EndsWith(Container(110).Currentitem,8)</visible>
							<animation effect="slide" start="-900,0" end="0,0" time="250" tween="sine" easing="out" reversible="false">Visible</animation>
							<animation effect="fade" start="0" end="0" time="10">Hidden</animation>
							<label>$INFO[Container(110).ListItem.Property(part1)] $INFO[Container(110).ListItem.Property(part2)] $INFO[Container(110).ListItem.Property(part3)][CR]$INFO[Container(110).ListItem.Property(part4)]</label>
							<include>line3</include>
							<left>-1</left>
							<top>-1</top>
							<textcolor>black</textcolor>
						</control>
						<control type="textbox">
							<visible>!Container(110).OnNext + !Container(110).OnPrevious + String.EndsWith(Container(110).Currentitem,8)</visible>
							<animation effect="slide" start="-900,0" end="0,0" time="250" tween="sine" easing="out" reversible="false">Visible</animation>
							<animation effect="fade" start="0" end="0" time="10">Hidden</animation>
							<label>$INFO[Container(110).ListItem.Property(part1)] $INFO[Container(110).ListItem.Property(part2)] $INFO[Container(110).ListItem.Property(part3)][CR]$INFO[Container(110).ListItem.Property(part4)]</label>
							<include>line3</include>
							<left>3</left>
							<top>3</top>
							<textcolor>black</textcolor>
						</control>
						<control type="textbox">
							<visible>!Container(110).OnNext + !Container(110).OnPrevious + String.EndsWith(Container(110).Currentitem,8)</visible>
							<animation effect="slide" start="-900,0" end="0,0" time="250" tween="sine" easing="out" reversible="false">Visible</animation>
							<animation effect="fade" start="0" end="0" time="10">Hidden</animation>
							<label>[COLOR=ffff9a32]$INFO[Container(110).ListItem.Property(part1)] [/COLOR][COLOR=ffbcfb24]$INFO[Container(110).ListItem.Property(part2)] [/COLOR][COLOR=ff9a9699]$INFO[Container(110).ListItem.Property(part3)][CR][/COLOR][COLOR=fffffaf0]$INFO[Container(110).ListItem.Property(part4)][/COLOR]</label>
							<include>line3</include>
							<left>0</left>
							<top>0</top>
							<shadowcolor>black</shadowcolor>
						</control>
					</control>
					<!--Short LINEA 5 & 0-->
					<control type="group">
						<left>510</left>
						<top>-20</top>
						<animation effect="rotate" center="auto" start="4" end="4" time="0" condition="true">Conditional</animation>
						<control type="textbox">
							<visible>!Container(110).OnNext + !Container(110).OnPrevious + String.EndsWith(Container(110).Currentitem,5)</visible>
							<animation effect="zoom" center="auto" start="0" end="100" time="250" reversible="false">Visible</animation>
							<animation effect="fade" start="0" end="0" time="10">Hidden</animation>
							<left>-1</left>
							<top>-1</top>
							<width>900</width>
							<height>600</height>
							<label>$INFO[Container(110).ListItem.Property(part1)] $INFO[Container(110).ListItem.Property(part2)] $INFO[Container(110).ListItem.Property(part3)][CR]$INFO[Container(110).ListItem.Property(part4)]</label>
							<font>lyrsh50</font>
							<align>center</align>
							<aligny>center</aligny>
							<textcolor>black</textcolor>
						</control>
						<control type="textbox">
							<visible>!Container(110).OnNext + !Container(110).OnPrevious + String.EndsWith(Container(110).Currentitem,5)</visible>
							<animation effect="zoom" center="auto" start="0" end="100" time="250" reversible="false">Visible</animation>
							<animation effect="fade" start="0" end="0" time="10">Hidden</animation>
							<left>2</left>
							<top>2</top>
							<width>900</width>
							<height>600</height>
							<label>$INFO[Container(110).ListItem.Property(part1)] $INFO[Container(110).ListItem.Property(part2)] $INFO[Container(110).ListItem.Property(part3)][CR]$INFO[Container(110).ListItem.Property(part4)]</label>
							<font>lyrsh50</font>
							<align>center</align>
							<aligny>center</aligny>
							<textcolor>black</textcolor>
						</control>
						<control type="textbox">
							<visible>!Container(110).OnNext + !Container(110).OnPrevious + String.EndsWith(Container(110).Currentitem,5)</visible>
							<animation effect="zoom" center="auto" start="0" end="100" time="250" reversible="false">Visible</animation>
							<animation effect="fade" start="0" end="0" time="10">Hidden</animation>
							<left>0</left>
							<top>0</top>
							<width>900</width>
							<height>600</height>
							<font>lyrsh50</font>
							<shadowcolor>black</shadowcolor>
							<align>center</align>
							<aligny>center</aligny>
							<label>[COLOR=ff00bfc0]$INFO[Container(110).ListItem.Property(part1)] [/COLOR][COLOR=ff98ea33]$INFO[Container(110).ListItem.Property(part2)] [/COLOR][COLOR=fffffaf0]$INFO[Container(110).ListItem.Property(part3)][/COLOR][CR][COLOR=ffdaa8ea]$INFO[Container(110).ListItem.Property(part4)][/COLOR]</label>
						</control>
						<control type="textbox">
							<visible>!Container(110).OnNext + !Container(110).OnPrevious + String.EndsWith(Container(110).Currentitem,0)</visible>
							<animation effect="zoom" center="auto" start="0" end="100" time="250" reversible="false">Visible</animation>
							<animation effect="fade" start="0" end="0" time="10">Hidden</animation>
							<left>-1</left>
							<top>-1</top>
							<width>900</width>
							<height>600</height>
							<label>$INFO[Container(110).ListItem.Property(part1)] $INFO[Container(110).ListItem.Property(part2)] $INFO[Container(110).ListItem.Property(part3)][CR]$INFO[Container(110).ListItem.Property(part4)]</label>
							<font>lyrsh50</font>
							<align>center</align>
							<aligny>center</aligny>
							<textcolor>black</textcolor>
						</control>
						<control type="textbox">
							<visible>!Container(110).OnNext + !Container(110).OnPrevious + String.EndsWith(Container(110).Currentitem,0)</visible>
							<animation effect="zoom" center="auto" start="0" end="100" time="250" reversible="false">Visible</animation>
							<animation effect="fade" start="0" end="0" time="10">Hidden</animation>
							<left>2</left>
							<top>2</top>
							<width>900</width>
							<height>600</height>
							<label>$INFO[Container(110).ListItem.Property(part1)] $INFO[Container(110).ListItem.Property(part2)] $INFO[Container(110).ListItem.Property(part3)][CR]$INFO[Container(110).ListItem.Property(part4)]</label>
							<font>lyrsh50</font>
							<align>center</align>
							<aligny>center</aligny>
							<textcolor>black</textcolor>
						</control>
						<control type="textbox">
							<visible>!Container(110).OnNext + !Container(110).OnPrevious + String.EndsWith(Container(110).Currentitem,0)</visible>
							<animation effect="zoom" center="auto" start="0" end="100" time="250" reversible="false">Visible</animation>
							<animation effect="fade" start="0" end="0" time="10">Hidden</animation>
							<left>0</left>
							<top>0</top>
							<width>900</width>
							<height>600</height>
							<font>lyrsh50</font>
							<shadowcolor>black</shadowcolor>
							<align>center</align>
							<aligny>center</aligny>
							<label>[COLOR=ff00bfc0]$INFO[Container(110).ListItem.Property(part1)] [/COLOR][COLOR=ff98ea33]$INFO[Container(110).ListItem.Property(part2)] [/COLOR][COLOR=fffffaf0]$INFO[Container(110).ListItem.Property(part3)][/COLOR][CR][COLOR=ffdaa8ea]$INFO[Container(110).ListItem.Property(part4)][/COLOR]</label>
						</control>
					</control>
					<!--Short LINEA 7 & 2-->
					<control type="group">
						<left>510</left>
						<top>-20</top>
						<animation effect="rotate" center="auto" start="4" end="4" time="0" condition="true">Conditional</animation>
						<control type="textbox">
							<visible>!Container(110).OnNext + !Container(110).OnPrevious + String.EndsWith(Container(110).Currentitem,7)</visible>
							<animation effect="slide" start="900,0" end="0,0" time="250" tween="sine" easing="out" reversible="false">Visible</animation>
							<animation effect="fade" start="0" end="0" time="10">Hidden</animation>
							<left>-1</left>
							<top>-1</top>
							<include>line7</include>
							<label>$INFO[Container(110).ListItem.Property(part1)] $INFO[Container(110).ListItem.Property(part2)] $INFO[Container(110).ListItem.Property(part3)][CR]$INFO[Container(110).ListItem.Property(part4)]</label>
							<textcolor>black</textcolor>
						</control>
						<control type="textbox">
							<visible>!Container(110).OnNext + !Container(110).OnPrevious + String.EndsWith(Container(110).Currentitem,7)</visible>
							<animation effect="slide" start="900,0" end="0,0" time="250" tween="sine" easing="out" reversible="false">Visible</animation>
							<animation effect="fade" start="0" end="0" time="10">Hidden</animation>
							<left>2</left>
							<top>2</top>
							<include>line7</include>
							<label>$INFO[Container(110).ListItem.Property(part1)] $INFO[Container(110).ListItem.Property(part2)] $INFO[Container(110).ListItem.Property(part3)][CR]$INFO[Container(110).ListItem.Property(part4)]</label>
							<textcolor>black</textcolor>
						</control>
						<control type="textbox">
							<visible>!Container(110).OnNext + !Container(110).OnPrevious + String.EndsWith(Container(110).Currentitem,7)</visible>
							<animation effect="slide" start="900,0" end="0,0" time="250" tween="sine" easing="out" reversible="false">Visible</animation>
							<animation effect="fade" start="0" end="0" time="10">Hidden</animation>
							<left>0</left>
							<top>0</top>
							<include>line7</include>
							<shadowcolor>black</shadowcolor>
							<label>[COLOR=ff4cb050]$INFO[Container(110).ListItem.Property(part1)] [/COLOR][COLOR=fffec106]$INFO[Container(110).ListItem.Property(part2)] [/COLOR][COLOR=ff2095f4]$INFO[Container(110).ListItem.Property(part3)][/COLOR][CR][COLOR=fffffaf0]$INFO[Container(110).ListItem.Property(part4)][/COLOR]</label>
						</control>
						<control type="textbox">
							<visible>!Container(110).OnNext + !Container(110).OnPrevious + String.EndsWith(Container(110).Currentitem,2)</visible>
							<animation effect="slide" start="900,0" end="0,0" time="250" tween="sine" easing="out" reversible="false">Visible</animation>
							<animation effect="fade" start="0" end="0" time="10">Hidden</animation>
							<left>-1</left>
							<top>-1</top>
							<include>line7</include>
							<label>$INFO[Container(110).ListItem.Property(part1)] $INFO[Container(110).ListItem.Property(part2)] $INFO[Container(110).ListItem.Property(part3)][CR]$INFO[Container(110).ListItem.Property(part4)]</label>
							<textcolor>black</textcolor>
						</control>
						<control type="textbox">
							<visible>!Container(110).OnNext + !Container(110).OnPrevious + String.EndsWith(Container(110).Currentitem,2)</visible>
							<animation effect="slide" start="900,0" end="0,0" time="250" tween="sine" easing="out" reversible="false">Visible</animation>
							<animation effect="fade" start="0" end="0" time="10">Hidden</animation>
							<left>2</left>
							<top>2</top>
							<include>line7</include>
							<label>$INFO[Container(110).ListItem.Property(part1)] $INFO[Container(110).ListItem.Property(part2)] $INFO[Container(110).ListItem.Property(part3)][CR]$INFO[Container(110).ListItem.Property(part4)]</label>
							<textcolor>black</textcolor>
						</control>
						<control type="textbox">
							<visible>!Container(110).OnNext + !Container(110).OnPrevious + String.EndsWith(Container(110).Currentitem,2)</visible>
							<animation effect="slide" start="900,0" end="0,0" time="250" tween="sine" easing="out" reversible="false">Visible</animation>
							<animation effect="fade" start="0" end="0" time="10">Hidden</animation>
							<left>0</left>
							<top>0</top>
							<include>line7</include>
							<shadowcolor>black</shadowcolor>
							<label>[COLOR=ff4cb050]$INFO[Container(110).ListItem.Property(part1)] [/COLOR][COLOR=fffec106]$INFO[Container(110).ListItem.Property(part2)] [/COLOR][COLOR=ff2095f4]$INFO[Container(110).ListItem.Property(part3)][/COLOR][CR][COLOR=fffffaf0]$INFO[Container(110).ListItem.Property(part4)][/COLOR]</label>
						</control>
					</control>
					<!--Short LINEA 9 & 4-->
					<control type="group">
						<left>510</left>
						<top>-20</top>
						<animation effect="rotate" center="auto" start="4" end="4" time="0" condition="true">Conditional</animation>
						<control type="textbox">
							<visible>!Container(110).OnNext + !Container(110).OnPrevious + String.EndsWith(Container(110).Currentitem,9)</visible>
							<animation effect="zoom" center="auto" start="400" end="100" time="250" reversible="false">Visible</animation>
							<animation effect="fade" start="0" end="0" time="10">Hidden</animation>
							<left>-1</left>
							<top>-1</top>
							<include>line9</include>
							<label>$INFO[Container(110).ListItem.Property(part1)] $INFO[Container(110).ListItem.Property(part2)] $INFO[Container(110).ListItem.Property(part3)][CR]$INFO[Container(110).ListItem.Property(part4)]</label>
							<textcolor>black</textcolor>
						</control>
						<control type="textbox">
							<visible>!Container(110).OnNext + !Container(110).OnPrevious + String.EndsWith(Container(110).Currentitem,9)</visible>
							<animation effect="zoom" center="auto" start="400" end="100" time="250" reversible="false">Visible</animation>
							<animation effect="fade" start="0" end="0" time="10">Hidden</animation>
							<left>2</left>
							<top>2</top>
							<include>line9</include>
							<label>$INFO[Container(110).ListItem.Property(part1)] $INFO[Container(110).ListItem.Property(part2)] $INFO[Container(110).ListItem.Property(part3)][CR]$INFO[Container(110).ListItem.Property(part4)]</label>
							<textcolor>black</textcolor>
						</control>
						<control type="textbox">
							<visible>!Container(110).OnNext + !Container(110).OnPrevious + String.EndsWith(Container(110).Currentitem,9)</visible>
							<animation effect="zoom" center="auto" start="400" end="100" time="250" reversible="false">Visible</animation>
							<animation effect="fade" start="0" end="0" time="10">Hidden</animation>
							<left>0</left>
							<top>0</top>
							<include>line9</include>
							<shadowcolor>black</shadowcolor>
							<label>[COLOR=ff00e676]$INFO[Container(110).ListItem.Property(part1)] [/COLOR][COLOR=fffffaf0]$INFO[Container(110).ListItem.Property(part2)] [/COLOR][COLOR=fffb8c00]$INFO[Container(110).ListItem.Property(part3)][/COLOR][CR][COLOR=ffb39ddb]$INFO[Container(110).ListItem.Property(part4)][/COLOR]</label>
						</control>
						<control type="textbox">
							<visible>!Container(110).OnNext + !Container(110).OnPrevious + String.EndsWith(Container(110).Currentitem,4)</visible>
							<animation effect="zoom" center="auto" start="400" end="100" time="250" reversible="false">Visible</animation>
							<animation effect="fade" start="0" end="0" time="10">Hidden</animation>
							<left>-1</left>
							<top>-1</top>
							<include>line9</include>
							<label>$INFO[Container(110).ListItem.Property(part1)] $INFO[Container(110).ListItem.Property(part2)] $INFO[Container(110).ListItem.Property(part3)][CR]$INFO[Container(110).ListItem.Property(part4)]</label>
							<textcolor>black</textcolor>
						</control>
						<control type="textbox">
							<visible>!Container(110).OnNext + !Container(110).OnPrevious + String.EndsWith(Container(110).Currentitem,4)</visible>
							<animation effect="zoom" center="auto" start="400" end="100" time="250" reversible="false">Visible</animation>
							<animation effect="fade" start="0" end="0" time="10">Hidden</animation>
							<left>2</left>
							<top>2</top>
							<include>line9</include>
							<label>$INFO[Container(110).ListItem.Property(part1)] $INFO[Container(110).ListItem.Property(part2)] $INFO[Container(110).ListItem.Property(part3)][CR]$INFO[Container(110).ListItem.Property(part4)]</label>
							<textcolor>black</textcolor>
						</control>
						<control type="textbox">
							<visible>!Container(110).OnNext + !Container(110).OnPrevious + String.EndsWith(Container(110).Currentitem,4)</visible>
							<animation effect="zoom" center="auto" start="400" end="100" time="250" reversible="false">Visible</animation>
							<animation effect="fade" start="0" end="0" time="10">Hidden</animation>
							<left>0</left>
							<top>0</top>
							<include>line9</include>
							<shadowcolor>black</shadowcolor>
							<label>[COLOR=ff00e676]$INFO[Container(110).ListItem.Property(part1)] [/COLOR][COLOR=fffffaf0]$INFO[Container(110).ListItem.Property(part2)] [/COLOR][COLOR=fffb8c00]$INFO[Container(110).ListItem.Property(part3)][/COLOR][CR][COLOR=ffb39ddb]$INFO[Container(110).ListItem.Property(part4)][/COLOR]</label>
						</control>
					</control>
				</control>
				<control type="group">
					<visible>!String.IsEmpty(Container(110).ListItem.Property(part4)) + [Integer.IsGreater(Container(110).ListItem.Property(duration),1449) | String.IsEmpty(Window(Home).Property(culrc.islrc))]</visible>
					<!--Line 1-->
					<control type="grouplist">
						<left>0</left>
						<top>199</top>
						<width>1920</width>
						<height>100</height>
						<itemgap>10</itemgap>
						<scrolltime>0</scrolltime>
						<orientation>horizontal</orientation>
						<visible>true</visible>
						<align>center</align>
						<include content="Lyrics1"/>
					</control>
					<control type="grouplist">
						<left>4</left>
						<top>203</top>
						<width>1920</width>
						<height>100</height>
						<itemgap>10</itemgap>
						<scrolltime>0</scrolltime>
						<orientation>horizontal</orientation>
						<visible>true</visible>
						<align>center</align>
						<include content="Lyrics1"/>
					</control>
					<control type="grouplist">
						<left>1</left>
						<top>200</top>
						<width>1920</width>
						<height>100</height>
						<itemgap>10</itemgap>
						<scrolltime>0</scrolltime>
						<orientation>horizontal</orientation>
						<visible>true</visible>
						<align>center</align>
						<include content="Lyrics1">
							<param name="col11">ff69bbd3</param>
							<param name="col12">ffe16b6b</param>
							<param name="col13">fff8e950</param>
						</include>
					</control>
					<include content="Lyrics1b">
						<param name="1b_left">509</param>
						<param name="1b_top">223</param>
					</include>
					<include content="Lyrics1b">
						<param name="1b_left">513</param>
						<param name="1b_top">227</param>
					</include>
					<include content="Lyrics1b">
						<param name="col14">fffffaf0</param>
					</include>
					<!--Line 2-->
					<include content="Lyrics2"/>
					<include content="Lyrics2">
						<param name="2_left">4</param>
						<param name="2_top">254</param>
					</include>
					<include content="Lyrics2">
						<param name="col21">ff4cb050</param>
						<param name="col22">fffec106</param>
						<param name="col23">ff2095f4</param>
						<param name="col24">fffffaf0</param>
						<param name="2_left">1</param>
						<param name="2_top">251</param>
					</include>
					<!--Line 3-->
					<control type="grouplist">
						<left>0</left>
						<top>199</top>
						<width>1920</width>
						<height>120</height>
						<itemgap>3</itemgap>
						<scrolltime>0</scrolltime>
						<orientation>horizontal</orientation>
						<visible>true</visible>
						<align>center</align>
						<include content="Lyrics3"/>
					</control>
					<control type="grouplist">
						<left>4</left>
						<top>203</top>
						<width>1920</width>
						<height>120</height>
						<itemgap>3</itemgap>
						<scrolltime>0</scrolltime>
						<orientation>horizontal</orientation>
						<visible>true</visible>
						<align>center</align>
						<include content="Lyrics3"/>
					</control>
					<control type="grouplist">
						<left>1</left>
						<top>200</top>
						<width>1920</width>
						<height>120</height>
						<itemgap>3</itemgap>
						<scrolltime>0</scrolltime>
						<orientation>horizontal</orientation>
						<visible>true</visible>
						<align>center</align>
						<include content="Lyrics3">
							<param name="col31">ffff9a32</param>
							<param name="col32">ffbcfb24</param>
							<param name="col33">ff9a9699</param>
						</include>
					</control>
					<include content="Lyrics3b">
						<param name="3b_left">509</param>
						<param name="3b_top">229</param>
					</include>
					<include content="Lyrics3b">
						<param name="3b_left">513</param>
						<param name="3b_top">233</param>
					</include>
					<include content="Lyrics3b">
						<param name="col34">fffffaf0</param>
					</include>
					<!--Line 4-->
					<include content="Lyrics4"/>
					<include content="Lyrics4">
						<param name="4_left">114</param>
						<param name="4_top">34</param>
					</include>
					<include content="Lyrics4">
						<param name="col41">ffFF4E50</param>
						<param name="col42">ffFC913A</param>
						<param name="col43">ffF9D423</param>
						<param name="col44">fffffaf0</param>
						<param name="4_left">111</param>
						<param name="4_top">31</param>
					</include>
					<!--Line 5-->
					<control type="grouplist">
						<left>1950</left>
						<top>99</top>
						<width>1920</width>
						<height>350</height>
						<itemgap>10</itemgap>
						<scrolltime>0</scrolltime>
						<orientation>horizontal</orientation>
						<visible>true</visible>
						<align>center</align>
						<include content="Lyrics5"/>
					</control>
					<control type="grouplist">
						<left>1954</left>
						<top>103</top>
						<width>1920</width>
						<height>350</height>
						<itemgap>10</itemgap>
						<scrolltime>0</scrolltime>
						<orientation>horizontal</orientation>
						<visible>true</visible>
						<align>center</align>
						<include content="Lyrics5"/>
					</control>
					<control type="grouplist">
						<left>1951</left>
						<top>100</top>
						<width>1920</width>
						<height>350</height>
						<itemgap>10</itemgap>
						<scrolltime>0</scrolltime>
						<orientation>horizontal</orientation>
						<visible>true</visible>
						<align>center</align>
						<include content="Lyrics5">
							<param name="col51">ff00bfc0</param>
							<param name="col52">ff98ea33</param>
							<param name="col53">fffffaf0</param>
							<param name="col54">ffdaa8ea</param>
						</include>
					</control>
					<!--Line 6-->
					<control type="grouplist">
						<left>0</left>
						<top>-201</top>
						<width>1920</width>
						<height>100</height>
						<itemgap>10</itemgap>
						<scrolltime>0</scrolltime>
						<orientation>horizontal</orientation>
						<visible>true</visible>
						<align>center</align>
						<include content="Lyrics6"/>
					</control>
					<control type="grouplist">
						<left>4</left>
						<top>-197</top>
						<width>1920</width>
						<height>100</height>
						<itemgap>10</itemgap>
						<scrolltime>0</scrolltime>
						<orientation>horizontal</orientation>
						<visible>true</visible>
						<align>center</align>
						<include content="Lyrics6"/>
					</control>
					<control type="grouplist">
						<left>1</left>
						<top>-200</top>
						<width>1920</width>
						<height>100</height>
						<itemgap>10</itemgap>
						<scrolltime>0</scrolltime>
						<orientation>horizontal</orientation>
						<visible>true</visible>
						<align>center</align>
						<include content="Lyrics6">
							<param name="col61">ffff9c00</param>
							<param name="col62">ff86b8b1</param>
							<param name="col63">fff2f26f</param>
						</include>
					</control>
					<include content="Lyrics6b">
						<param name="6b_left">509</param>
						<param name="6b_top">223</param>
					</include>
					<include content="Lyrics6b">
						<param name="6b_left">513</param>
						<param name="6b_top">227</param>
					</include>
					<include content="Lyrics6b">
						<param name="col64">fffffaf0</param>
					</include>
					<!--Line 7-->
					<include content="Lyrics7"/>
					<include content="Lyrics7">
						<param name="7_left">14</param>
						<param name="7_top">4</param>
					</include>
					<include content="Lyrics7">
						<param name="col71">ffEA80FC</param>
						<param name="col72">ffFFEB3B</param>
						<param name="col73">ff4DD0E1</param>
						<param name="col74">fffffaf0</param>
						<param name="7_left">11</param>
						<param name="7_top">1</param>
					</include>
					<!--Line 8-->
					<control type="grouplist">
						<left>0</left>
						<top>199</top>
						<width>1920</width>
						<height>140</height>
						<itemgap>10</itemgap>
						<scrolltime>0</scrolltime>
						<orientation>horizontal</orientation>
						<visible>true</visible>
						<align>center</align>
						<include content="Lyrics8"/>
					</control>
					<control type="grouplist">
						<left>4</left>
						<top>203</top>
						<width>1920</width>
						<height>140</height>
						<itemgap>10</itemgap>
						<scrolltime>0</scrolltime>
						<orientation>horizontal</orientation>
						<visible>true</visible>
						<align>center</align>
						<include content="Lyrics8"/>
					</control>
					<control type="grouplist">
						<left>1</left>
						<top>200</top>
						<width>1920</width>
						<height>140</height>
						<itemgap>10</itemgap>
						<scrolltime>0</scrolltime>
						<orientation>horizontal</orientation>
						<visible>true</visible>
						<align>center</align>
						<include content="Lyrics8">
							<param name="col81">ff4cb050</param>
							<param name="col82">fffec106</param>
							<param name="col83">ff2095f4</param>
						</include>
					</control>
					<include content="Lyrics8b">
						<param name="8b_left">509</param>
						<param name="8b_top">269</param>
					</include>
					<include content="Lyrics8b">
						<param name="8b_left">513</param>
						<param name="8b_top">273</param>
					</include>
					<include content="Lyrics8b">
						<param name="col84">fffffaf0</param>
					</include>
					<!--Line 9-->
					<include content="Lyrics9"/>
					<include content="Lyrics9">
						<param name="9_left">24</param>
						<param name="9_top">-16</param>
					</include>
					<include content="Lyrics9">
						<param name="col91">ff00e676</param>
						<param name="col92">fffffaf0</param>
						<param name="col93">fffb8c00</param>
						<param name="col94">ffb39ddb</param>
						<param name="9_left">21</param>
						<param name="9_top">-19</param>
					</include>
					<!--Line 10-->
					<include content="Lyrics10"/>
					<include content="Lyrics10">
						<param name="10_left">4</param>
						<param name="10_top">154</param>
					</include>
					<include content="Lyrics10">
						<param name="col101">ffff9800</param>
						<param name="col102">ff00bcd4</param>
						<param name="col103">fffffaf0</param>
						<param name="col104">fff29ab8</param>
						<param name="10_left">1</param>
						<param name="10_top">151</param>
					</include>
					<!--Line 11-->
					<include content="Lyrics11"/>
					<include content="Lyrics11">
						<param name="11_left">4</param>
						<param name="11_top">254</param>
					</include>
					<include content="Lyrics11">
						<param name="col111">ff52bbb7</param>
						<param name="col112">fffab649</param>
						<param name="col113">ffef4051</param>
						<param name="col114">ff84efbb</param>
						<param name="11_left">1</param>
						<param name="11_top">251</param>
					</include>
					<!--Line 12-->
					<include content="Lyrics12"/>
					<include content="Lyrics12">
						<param name="12_left">14</param>
						<param name="12_top">4</param>
					</include>
					<include content="Lyrics12">
						<param name="col121">ffEA80FC</param>
						<param name="12_left">11</param>
						<param name="12_top">1</param>
					</include>
					<include content="Lyrics12b"/>
					<include content="Lyrics12b">
						<param name="12b_left">14</param>
						<param name="12b_top">184</param>
					</include>
					<include content="Lyrics12b">
						<param name="col122">ffFFEB3B</param>
						<param name="col123">ff4DD0E1</param>
						<param name="12b_left">11</param>
						<param name="12b_top">181</param>
					</include>
					<include content="Lyrics12c"/>
					<include content="Lyrics12c">
						<param name="12c_left">14</param>
						<param name="12c_top">4</param>
					</include>
					<include content="Lyrics12c">
						<param name="col124">fffffaf0</param>
						<param name="12c_left">11</param>
						<param name="12c_top">1</param>
					</include>
					<!--Line 13-->
					<control type="grouplist">
						<left>0</left>
						<top>199</top>
						<width>1920</width>
						<height>125</height>
						<itemgap>10</itemgap>
						<scrolltime>0</scrolltime>
						<orientation>horizontal</orientation>
						<visible>true</visible>
						<align>center</align>
						<include content="Lyrics13"/>
					</control>
					<control type="grouplist">
						<left>4</left>
						<top>203</top>
						<width>1920</width>
						<height>125</height>
						<itemgap>10</itemgap>
						<scrolltime>0</scrolltime>
						<orientation>horizontal</orientation>
						<visible>true</visible>
						<align>center</align>
						<include content="Lyrics13"/>
					</control>
					<control type="grouplist">
						<left>1</left>
						<top>200</top>
						<width>1920</width>
						<height>125</height>
						<itemgap>10</itemgap>
						<scrolltime>0</scrolltime>
						<orientation>horizontal</orientation>
						<visible>true</visible>
						<align>center</align>
						<include content="Lyrics13">
							<param name="col131">ff00BFC0</param>
							<param name="col132">ff98EA33</param>
							<param name="col133">ffF7F6E4</param>
						</include>
					</control>
					<include content="Lyrics13b">
						<param name="13b_left">509</param>
						<param name="13b_top">219</param>
					</include>
					<include content="Lyrics13b">
						<param name="13b_left">513</param>
						<param name="13b_top">223</param>
					</include>
					<include content="Lyrics13b">
						<param name="col134">ffDAA8EA</param>
					</include>
					<!--Line 14-->
					<control type="grouplist">
						<left>0</left>
						<top>169</top>
						<width>2020</width>
						<height>350</height>
						<itemgap>20</itemgap>
						<scrolltime>0</scrolltime>
						<orientation>horizontal</orientation>
						<visible>true</visible>
						<align>center</align>
						<include content="Lyrics14">
							<param name="col141">black</param>
						</include>
					</control>
					<control type="grouplist">
						<left>0</left>
						<top>169</top>
						<width>2020</width>
						<height>350</height>
						<itemgap>20</itemgap>
						<scrolltime>0</scrolltime>
						<orientation>horizontal</orientation>
						<visible>true</visible>
						<align>center</align>
						<include content="Lyrics14">
							<param name="col142">black</param>
						</include>
					</control>
					<control type="grouplist">
						<left>0</left>
						<top>169</top>
						<width>2020</width>
						<height>350</height>
						<itemgap>20</itemgap>
						<scrolltime>0</scrolltime>
						<orientation>horizontal</orientation>
						<visible>true</visible>
						<align>center</align>
						<include content="Lyrics14">
							<param name="col143">black</param>
						</include>
					</control>
					<control type="grouplist">
						<top>173</top>
						<left>4</left>
						<width>2020</width>
						<height>350</height>
						<itemgap>20</itemgap>
						<scrolltime>0</scrolltime>
						<orientation>horizontal</orientation>
						<visible>true</visible>
						<align>center</align>
						<include content="Lyrics14">
							<param name="col141">black</param>
						</include>
					</control>
					<control type="grouplist">
						<top>173</top>
						<left>4</left>
						<width>2020</width>
						<height>350</height>
						<itemgap>20</itemgap>
						<scrolltime>0</scrolltime>
						<orientation>horizontal</orientation>
						<visible>true</visible>
						<align>center</align>
						<include content="Lyrics14">
							<param name="col142">black</param>
						</include>
					</control>
					<control type="grouplist">
						<top>173</top>
						<left>4</left>
						<width>2020</width>
						<height>350</height>
						<itemgap>20</itemgap>
						<scrolltime>0</scrolltime>
						<orientation>horizontal</orientation>
						<visible>true</visible>
						<align>center</align>
						<include content="Lyrics14">
							<param name="col143">black</param>
						</include>
					</control>
					<control type="grouplist">
						<top>170</top>
						<left>1</left>
						<width>2020</width>
						<height>350</height>
						<itemgap>20</itemgap>
						<scrolltime>0</scrolltime>
						<orientation>horizontal</orientation>
						<visible>true</visible>
						<align>center</align>
						<include content="Lyrics14">
							<param name="col141">ffFF9800</param>
						</include>
					</control>
					<control type="grouplist">
						<top>170</top>
						<left>1</left>
						<width>2020</width>
						<height>350</height>
						<itemgap>20</itemgap>
						<scrolltime>0</scrolltime>
						<orientation>horizontal</orientation>
						<visible>true</visible>
						<align>center</align>
						<include content="Lyrics14">
							<param name="col142">fffffaf0</param>
						</include>
					</control>
					<control type="grouplist">
						<top>170</top>
						<left>1</left>
						<width>2020</width>
						<height>350</height>
						<itemgap>20</itemgap>
						<scrolltime>0</scrolltime>
						<orientation>horizontal</orientation>
						<visible>true</visible>
						<align>center</align>
						<include content="Lyrics14">
							<param name="col143">ff00BCD4</param>
						</include>
					</control>
					<include content="Lyrics14b">
						<param name="col144">black</param>
					</include>
					<include content="Lyrics14b">
						<param name="14b_left">613</param>
						<param name="14b_top">343</param>
						<param name="col144">black</param>
					</include>
					<include content="Lyrics14b">
						<param name="14b_left">611</param>
						<param name="14b_top">341</param>
						<param name="col144">fff395b5</param>
					</include>
					<!--Line 15-->
					<include content="Lyrics15"/>
					<include content="Lyrics15">
						<param name="15_left">174</param>
						<param name="15_top">4</param>
					</include>
					<include content="Lyrics15">
						<param name="col151">ffaee23a</param>
						<param name="col152">fffffaf0</param>
						<param name="col153">ff02a8c6</param>
						<param name="col154">ffd865d1</param>
						<param name="15_left">171</param>
						<param name="15_top">1</param>
					</include>
				</control>
			</control>
			<control type="spincontrol" id="111">
				<!-- Next page button -->
				<left>1792</left>
				<top>870</top>
				<subtype>page</subtype>
				<font>apptv23</font>
				<onleft>110</onleft>
				<onright>110</onright>
				<ondown>110</ondown>
				<onup>110</onup>
				<showonepage>true</showonepage>
				<visible>false</visible>
			</control>
			<control type="label" id="2">
				<!-- Pick -->
				<left>30</left>
				<top>195</top>
				<width>1860</width>
				<height>45</height>
				<align>center</align>
				<selectedcolor>listselected-text</selectedcolor>
				<label>$LOCALIZE[179]?</label>
				<visible>Control.IsVisible(120) + ![Control.IsVisible(100) | Control.IsVisible(110)]</visible>
			</control>
			<!-- ** Required ** Do not change <id> or <type> (Song Chooser if it gets it wrong) -->
			<control type="list" id="120">
				<left>30</left>
				<top>210</top>
				<width>1860</width>
				<height>615</height>
				<onleft>121</onleft>
				<onright>121</onright>
				<onup>120</onup>
				<ondown>120</ondown>
				<pagecontrol>121</pagecontrol>
				<animation effect="slide" start="0,0" end="30,0" condition="!Control.IsVisible(121)">Conditional</animation>
				<itemlayout height="60">
					<control type="label">
						<left>15</left>
						<top>0</top>
						<width>1860</width>
						<height>60</height>
						<selectedcolor>listselected-text</selectedcolor>
						<align>center</align>
						<label>$INFO[ListItem.Label]</label>
					</control>
				</itemlayout>
				<focusedlayout height="60">
					<control type="label">
						<left>15</left>
						<top>0</top>
						<width>1860</width>
						<height>60</height>
						<textcolor>listselected-text</textcolor>
						<align>center</align>
						<label>$INFO[ListItem.Label]</label>
					</control>
				</focusedlayout>
			</control>
			<control type="spincontrol" id="121">
				<!-- Next page button -->
				<left>1792</left>
				<top>870</top>
				<subtype>page</subtype>
				<font>apptv23</font>
				<onleft>120</onleft>
				<onright>120</onright>
				<ondown>120</ondown>
				<onup>120</onup>
				<showonepage>true</showonepage>
				<visible>Control.IsVisible(120)</visible>
			</control>
		</control>
	</controls>
</window>