<?xml version="1.0" encoding="utf-8"?>
<window>
	<defaultcontrol always="true">999</defaultcontrol>
	<onload>ClearProperty(CastSuggest,home)</onload>
	<controls>
		<visible>!Window.IsVisible(script-script.extendedinfo.DialogInfo.xml)</visible>
		<include>background</include>
		<include>fullscreendummy</include>
		<control type="label">
			<left>15</left>
			<top>52</top>
			<width>450</width>
			<height>108</height>
			<label>$INFO[Window(movieinformation).Property(ContentType)]</label>
			<aligny>top</aligny>
		</control>
		<control type="group">
			<control type="label">
				<!-- Title -->
				<left>510</left>
				<top>18</top>
				<width>1140</width>
				<height>108</height>
				<font>apptv30</font>
				<wrapmultiline>true</wrapmultiline>
				<aligny>center</aligny>
				<include condition="Skin.HasSetting(text-autoscroll)">scrolltext</include>
				<label>$INFO[Window.Property(Title)]</label>
			</control>
			<control type="image">
				<!-- MPAA Rating -->
				<left>1680</left>
				<top>58</top>
				<width>204</width>
				<height>60</height>
				<align>right</align>
				<aligny>bottom</aligny>
				<texture>$VAR[VideoInfoRating]</texture>
				<aspectratio>keep</aspectratio>
			</control>
			<control type="label">
				<!-- Studio -->
				<left>510</left>
				<top>126</top>
				<width>1140</width>
				<height>33</height>
				<font>apptv22</font>
				<textcolor>disabled-text</textcolor>
				<shadowcolor>shadow-text</shadowcolor>
				<include condition="Skin.HasSetting(text-autoscroll)">scrolltext</include>
				<label>$INFO[Window.Property(Studio)]</label>
			</control>
			<control type="image">
				<left>510</left>
				<top>162</top>
				<width>1350</width>
				<height>6</height>
				<texture>separator.png</texture>
			</control>

			<control type="textbox" id="1122">
				<!-- Plot -->
				<left>510</left>
				<top>165</top>
				<width>1350</width>
				<height>180</height>
				<label fallback="161">$INFO[Window.Property(Plot)]</label>
				<font>apptv20</font>
				<align>justify</align>
				<pagecontrol>1123</pagecontrol>
			</control>
			<control type="scrollbar" id="1123">
				<!-- Plot Scrollbar -->
				<left>1874</left>
				<top>165</top>
				<width>18</width>
				<height>183</height>
				<onup>1123</onup>
				<onright>1123</onright>
				<onleft>999</onleft>
				<ondown>999</ondown>
				<animation condition="!Control.HasFocus(1123) + !String.IsEqual(Skin.String(show-scrollbar),$LOCALIZE[31875])" effect="fade" start="100" end="0" time="200" reversible="true">Conditional</animation>
			</control>
			<control type="image">
				<left>510</left>
				<top>348</top>
				<width>1350</width>
				<height>6</height>
				<texture>separator.png</texture>
			</control>
			<control type="group">
				<control type="image">
					<!-- Video cover-->
					<left>82</left>
					<top>120</top>
					<width>345</width>
					<height>534</height>
					<aspectratio scalediffuse="true">keep</aspectratio>
					<texture background="true" fallback="DefaultMovies.png" diffuse="mask-rect.png">$INFO[Window.Property(Poster)]</texture>
				</control>
			</control>
			<control type="label">
				<!-- Details heading -->
				<left>510</left>
				<top>360</top>
				<width>480</width>
				<height>33</height>
				<label>$LOCALIZE[31135]</label>
				<font>apptv22</font>
				<textcolor>disabled-text</textcolor>
				<shadowcolor>shadow-text</shadowcolor>
			</control>
			<control type="label">
				<!-- Genre -->
				<left>510</left>
				<top>398</top>
				<width>480</width>
				<height>30</height>
				<include condition="Skin.HasSetting(text-autoscroll)">scrolltext</include>
				<label>$INFO[Window.Property(Genre)]</label>
				<font>apptv20</font>
			</control>
			<control type="label">
				<!-- Year released -->
				<left>510</left>
				<top>435</top>
				<width>480</width>
				<height>30</height>
				<font>apptv20</font>
				<label>$LOCALIZE[172] $INFO[Window.Property(ReleaseDate)]</label>
				<visible>!String.IsEmpty(Window.Property(ReleaseDate))</visible>
			</control>
			<control type="label">
				<!-- Premiered -->
				<left>510</left>
				<top>435</top>
				<width>480</width>
				<height>30</height>
				<include condition="Skin.HasSetting(text-autoscroll)">scrolltext</include>
				<font>apptv20</font>
				<label>$INFO[Window.Property(Premiered),$LOCALIZE[20416] ,]</label>
				<visible>!String.IsEmpty(Window.Property(Premiered))</visible>
			</control>
			<control type="label">
				<!-- Duration -->
				<left>510</left>
				<top>471</top>
				<width>480</width>
				<height>30</height>
				<font>apptv20</font>
				<label>$INFO[Window.Property(duration),$LOCALIZE[31133] , $LOCALIZE[12391]]</label>
			</control>
			<control type="group">
				<visible>String.IsEqual(Window(home).Property(ExtendedInfoTVShow),true)</visible>
				<control type="label">
					<!-- Total Seasons -->
					<left>510</left>
					<top>472</top>
					<width>480</width>
					<height>30</height>
					<label>$LOCALIZE[33054] $INFO[ListItem.Property(TotalSeasons)]</label>
					<font>apptv20</font>
					<visible>!String.IsEmpty(ListItem.Property(TotalSeasons))</visible>
				</control>
				<control type="label">
					<left>510</left>
					<top>510</top>
					<width>480</width>
					<height>30</height>
					<include condition="Skin.HasSetting(text-autoscroll)">scrolltext</include>
					<label>$LOCALIZE[20360] $INFO[ListItem.Property(TotalEpisodes)] [COLOR=grey] ($INFO[ListItem.Property(UnWatchedEpisodes), , $LOCALIZE[16101]])[/COLOR]</label>
					<font>apptv20</font>
					<visible>!String.IsEmpty(ListItem.Property(TotalEpisodes))</visible>
				</control>
			</control>
			<control type="group">
				<control type="label">
					<left>1012</left>
					<top>360</top>
					<width>435</width>
					<height>33</height>
					<label>$LOCALIZE[31132]</label>
					<font>apptv22</font>
					<textcolor>disabled-text</textcolor>
					<shadowcolor>shadow-text</shadowcolor>
				</control>
				<control type="label">
					<!-- Actor 1 -->
					<left>1012</left>
					<top>398</top>
					<width>428</width>
					<height>30</height>
					<include condition="Skin.HasSetting(text-autoscroll)">scrolltext</include>
					<label>$INFO[Container(1000).ListItemAbsolute(0).Label]</label>
					<font>apptv20</font>
				</control>
				<control type="label">
					<!-- Actor 2 -->
					<left>1012</left>
					<top>435</top>
					<width>428</width>
					<height>30</height>
					<font>apptv20</font>
					<label>$INFO[Container(1000).ListItemAbsolute(1).Label]</label>
				</control>
				<control type="label">
					<!-- Actor 3 -->
					<left>1012</left>
					<top>472</top>
					<width>428</width>
					<height>30</height>
					<include condition="Skin.HasSetting(text-autoscroll)">scrolltext</include>
					<label>$INFO[Container(1000).ListItemAbsolute(2).Label]</label>
					<font>apptv20</font>
				</control>
				<control type="label">
					<!-- Actor 4 -->
					<left>1012</left>
					<top>510</top>
					<width>428</width>
					<height>30</height>
					<font>apptv20</font>
					<label>$INFO[Container(1000).ListItemAbsolute(3).Label]</label>
				</control>
			</control>
		</control>
		<control type="grouplist" id="999">
			<!-- Option buttons -->
			<left>540</left>
			<top>600</top>
			<width>1320</width>
			<height>144</height>
			<orientation>horizontal</orientation>
			<itemgap>22</itemgap>
			<align>center</align>
			<onleft>1005</onleft>
			<onright>1005</onright>
			<ondown condition="Control.IsVisible(1000)">1000</ondown>
			<ondown condition="Control.IsVisible(150)">150</ondown>
			<ondown condition="[!Control.IsVisible(1000) + !Control.IsVisible(150)]">1005</ondown>
			<onup condition="Integer.IsGreater(Container(1122).NumPages,1)">1123</onup>
			<onup condition="Integer.IsLessOrEqual(Container(1122).NumPages,1)">1005</onup>

			<control type="radiobutton" id="6001">
				<visible>false</visible>
			</control>
			<control type="radiobutton" id="6003">
				<visible>false></visible>
			</control>
			<control type="radiobutton" id="6005">
				<visible>false></visible>
			</control>
			<control type="radiobutton" id="6002">
				<visible>false></visible>
			</control>
			<control type="radiobutton" id="6006">
				<visible>false></visible>
			</control>

			<control type="togglebutton" id="8">
				<!-- Play/Browse button -->
				<include>info-options-common</include>
				<label>$LOCALIZE[208]</label>
				<altlabel>$LOCALIZE[1024]</altlabel>
				<texturefocus>button-info-play-focus.png</texturefocus>
				<texturenofocus>button-info-play.png</texturenofocus>
				<alttexturefocus>button-info-browse-focus.png</alttexturefocus>
				<alttexturenofocus>button-info-browse.png</alttexturenofocus>
				<usealttexture>$EXP[isTvshow] | $EXP[isSeason]</usealttexture>
				<visible>!System.HasAddon(script.cinema.experience) + !String.IsEmpty(Window.Property(DBID)) + [$EXP[isMovie] | $EXP[isEpisode] | $EXP[isTvshow] | $EXP[isMusicvideo]]</visible>
			</control>
			<control type="button" id="18">
				<!-- Home cinema button -->
				<include>info-options-common</include>
				<label>$LOCALIZE[31692]</label>
				<texturefocus>button-info-play-focus.png</texturefocus>
				<texturenofocus>button-info-play.png</texturenofocus>
				<onclick>Dialog.Close(movieinformation)</onclick>
				<onclick>RunScript(script.cinemavision,experience)</onclick>
				<visible>System.HasAddon(script.cinemavision) + [$EXP[isMovie] | $EXP[isEpisode] | $EXP[isTvshow] | $EXP[isMusicvideo]]</visible>
			</control>
			<control type="button" id="11">
				<!-- Trailer button -->
				<include>info-options-common</include>
				<label>$LOCALIZE[20410]</label>
				<texturefocus>button-info-trailer-focus.png</texturefocus>
				<texturenofocus>button-info-trailer.png</texturenofocus>
				<enable>!String.IsEmpty(ListItem.Trailer)</enable>
				<visible>$EXP[isMovie]</visible>
			</control>
			<control type="togglebutton" id="905">
				<!-- Cast/suggest media button -->
				<include>info-options-common</include>
				<label>$LOCALIZE[31668]</label>
				<altlabel>$LOCALIZE[206]</altlabel>
				<texturefocus>button-info-video-focus.png</texturefocus>
				<texturenofocus>button-info-video.png</texturenofocus>
				<alttexturefocus>button-info-cast-focus.png</alttexturefocus>
				<alttexturenofocus>button-info-cast.png</alttexturenofocus>
				<usealttexture>String.IsEqual(Window(home).Property(CastSuggest),suggest)</usealttexture>
				<onclick>SetProperty(CastSuggest,suggest,home)</onclick>
				<altclick>ClearProperty(CastSuggest,home)</altclick>
			</control>
		</control>
		<control type="label">
			<left>30</left>
			<top>732</top>
			<height>30</height>
			<width>450</width>
			<label>$LOCALIZE[206]</label>
			<font>apptv22</font>
			<align>right</align>
			<visible>String.IsEmpty(Window(home).Property(CastSuggest))</visible>
		</control>
		<control type="label">
			<left>30</left>
			<top>732</top>
			<height>30</height>
			<width>450</width>
			<label>$LOCALIZE[31691]</label>
			<font>apptv20</font>
			<align>right</align>
			<visible>String.IsEqual(Window(home).Property(CastSuggest),suggest)</visible>
			<!-- Not showing Cast and recommended video list has something to show -->
		</control>
		<control type="image">
			<left>510</left>
			<top>756</top>
			<width>1350</width>
			<height>6</height>
			<texture>separator.png</texture>
		</control>
		<control type="list" id="1000">
			<visible>String.IsEmpty(Window(home).Property(CastSuggest))</visible>
			<!-- Cast -->
			<left>15</left>
			<top>772</top>
			<width>1890</width>
			<height>300</height>
			<onleft>1010</onleft>
			<onright>1010</onright>
			<ondown>1010</ondown>
			<onup>999</onup>
			<viewtype label="31028">list</viewtype>
			<orientation>horizontal</orientation>
			<itemlayout height="300" width="315">
				<control type="image">
					<left>72</left>
					<top>0</top>
					<width>171</width>
					<height>222</height>
					<aspectratio scalediffuse="true">keep</aspectratio>
					<texture diffuse="mask-rect.png" fallback="DefaultUser.png" background="true">$INFO[ListItem.Art(thumb)]</texture>
				</control>
			</itemlayout>
			<focusedlayout height="300" width="315">
				<control type="image">
					<left>72</left>
					<top>0</top>
					<width>171</width>
					<height>222</height>
					<aspectratio scalediffuse="true">keep</aspectratio>
					<texture fallback="DefaultUser.png" diffuse="mask-rect.png" background="true">$INFO[ListItem.Art(thumb)]</texture>
					<animation effect="zoom" start="100" end="104" center="auto" time="200" tween="back" easing="out" reversible="false">focus</animation>
				</control>
				<control type="label">
					<left>0</left>
					<top>231</top>
					<height>30</height>
					<width>315</width>
					<label>$INFO[ListItem.Label]</label>
					<font>apptv20</font>
					<align>center</align>
					<include condition="Skin.HasSetting(text-autoscroll)">scrolltext</include>
					<animation effect="fade" time="100" delay="300">Focus</animation>
					<visible>Control.HasFocus(1000)</visible>
				</control>
				<control type="label">
					<left>0</left>
					<top>267</top>
					<height>30</height>
					<width>315</width>
					<label>$INFO[ListItem.Label2]</label>
					<font>apptv20</font>
					<align>center</align>
					<include condition="Skin.HasSetting(text-autoscroll)">scrolltext</include>
					<animation effect="fade" time="100" delay="300">Focus</animation>
					<visible>Control.HasFocus(1000)</visible>
				</control>
			</focusedlayout>
		</control>

		<control type="group">
			<!-- Markers for control area items -->
			<include content="page-offscreen-horizontal">
				<param name="indicator1left" value="30"/>
				<param name="indicator1top" value="873"/>
				<param name="indicator2left" value="1866"/>
				<param name="indicator2top" value="873"/>
				<param name="indicatorsize" value="24"/>
				<param name="indicatorcontainer" value="1000"/>
			</include>
		</control>

		<control type="list" id="150">
			<visible>String.IsEqual(Window(home).Property(CastSuggest),suggest)</visible>
			<!-- Interesting media -->
			<left>15</left>
			<top>772</top>
			<width>1890</width>
			<height>312</height>
			<onleft>1015</onleft>
			<onright>1015</onright>
			<ondown>1015</ondown>
			<onup>999</onup>
			<viewtype label="31028">list</viewtype>
			<orientation>horizontal</orientation>
			<itemlayout height="312" width="315">
				<control type="image">
					<left>72</left>
					<top>0</top>
					<width>171</width>
					<height>222</height>
					<aspectratio scalediffuse="true">keep</aspectratio>
					<texture diffuse="mask-rect.png" fallback="DefaultVideo.png" background="true">$INFO[ListItem.Art(poster)]</texture>
					<animation condition="$EXP[isEmptyDBID]" effect="fade" start="100" end="60">Conditional</animation>
					<visible>String.IsEmpty(Window(home).Property(ExtendedInfoTVShow))</visible>
				</control>
				<control type="image">
					<left>72</left>
					<top>0</top>
					<width>171</width>
					<height>222</height>
					<aspectratio scalediffuse="true">keep</aspectratio>
					<texture diffuse="mask-rect.png" fallback="DefaultTVShows.png" background="true">$INFO[ListItem.Art(poster)]</texture>
					<animation condition="$EXP[isEmptyDBID]" effect="fade" start="100" end="60">Conditional</animation>
					<visible>String.IsEqual(Window(home).Property(ExtendedInfoTVShow),true)</visible>
				</control>
			</itemlayout>
			<focusedlayout height="312" width="315">
				<control type="group">
					<visible>!Control.HasFocus(150)</visible>
					<control type="image">
						<left>72</left>
						<top>0</top>
						<width>171</width>
						<height>222</height>
						<aspectratio scalediffuse="true">keep</aspectratio>
						<texture diffuse="mask-rect.png" fallback="DefaultVideo.png" background="true">$INFO[ListItem.Art(poster)]</texture>
						<animation condition="$EXP[isEmptyDBID]" effect="fade" start="100" end="60">Conditional</animation>
						<visible>String.IsEmpty(Window(home).Property(ExtendedInfoTVShow))</visible>
					</control>
					<control type="image">
						<left>72</left>
						<top>0</top>
						<width>171</width>
						<height>222</height>
						<aspectratio scalediffuse="true">keep</aspectratio>
						<texture diffuse="mask-rect.png" fallback="DefaultTVShows.png" background="true">$INFO[ListItem.Art(poster)]</texture>
						<animation condition="$EXP[isEmptyDBID]" effect="fade" start="100" end="60">Conditional</animation>
						<visible>String.IsEqual(Window(home).Property(ExtendedInfoTVShow),true)</visible>
					</control>
				</control>
				<control type="group">
					<visible>Control.HasFocus(150)</visible>
					<control type="image">
						<left>72</left>
						<top>0</top>
						<width>171</width>
						<height>222</height>
						<aspectratio scalediffuse="true">keep</aspectratio>
						<texture diffuse="mask-rect.png" fallback="DefaultVideo.png" background="true">$INFO[ListItem.Art(poster)]</texture>
						<animation condition="$EXP[isEmptyDBID]" effect="fade" start="100" end="60">Conditional</animation>
						<animation effect="zoom" start="100" end="104" center="auto" time="200" tween="back" easing="out" reversible="false">focus</animation>
						<visible>String.IsEmpty(Window(home).Property(ExtendedInfoTVShow))</visible>
					</control>
					<control type="image">
						<left>72</left>
						<top>0</top>
						<width>171</width>
						<height>222</height>
						<aspectratio scalediffuse="true">keep</aspectratio>
						<texture diffuse="mask-rect.png" fallback="DefaultTVShows.png" background="true">$INFO[ListItem.Art(poster)]</texture>
						<animation condition="$EXP[isEmptyDBID]" effect="fade" start="100" end="60">Conditional</animation>
						<animation effect="zoom" start="100" end="104" center="auto" time="200" tween="back" easing="out" reversible="false">focus</animation>
						<visible>String.IsEqual(Window(home).Property(ExtendedInfoTVShow),true)</visible>
					</control>
				</control>
				<control type="textbox">
					<left>0</left>
					<top>228</top>
					<width>315</width>
					<height>72</height>
					<label>$INFO[ListItem.Label]</label>
					<font>apptv20</font>
					<align>center</align>
					<animation condition="$EXP[isEmptyDBID]" effect="fade" start="100" end="60">Conditional</animation>
					<animation effect="fade" time="100" delay="300">Focus</animation>
					<visible>Control.HasFocus(150)</visible>
				</control>
			</focusedlayout>
		</control>

		<control type="group">
			<!-- Markers for control area items -->
			<include content="page-offscreen-horizontal">
				<param name="indicator1left" value="30"/>
				<param name="indicator1top" value="873"/>
				<param name="indicator2left" value="1866"/>
				<param name="indicator2top" value="873"/>
				<param name="indicatorsize" value="24"/>
				<param name="indicatorcontainer" value="150"/>
			</include>
		</control>

		<!-- Unsupported widget lists -->
		<include content="unsupported-widget">
			<param name="controlid" value="250" />
		</include>
		<include content="unsupported-widget">
			<param name="controlid" value="350" />
		</include>
		<include content="unsupported-widget">
			<param name="controlid" value="450" />
		</include>
		<include content="unsupported-widget">
			<param name="controlid" value="550" />
		</include>
		<include content="unsupported-widget">
			<param name="controlid" value="650" />
		</include>
		<include content="unsupported-widget">
			<param name="controlid" value="750" />
		</include>
		<include content="unsupported-widget">
			<param name="controlid" value="850" />
		</include>
		<include content="unsupported-widget">
			<param name="controlid" value="950" />
		</include>
		<include content="unsupported-widget">
			<param name="controlid" value="1050" />
		</include>
		<include content="unsupported-widget">
			<param name="controlid" value="1150" />
		</include>
		<include content="unsupported-widget">
			<param name="controlid" value="1250" />
		</include>
		<include content="unsupported-widget">
			<param name="controlid" value="1350" />
		</include>
		<include content="unsupported-widget">
			<param name="controlid" value="1450" />
		</include>
		<include content="unsupported-widget">
			<param name="controlid" value="2000" />
		</include>

		<!-- Play bump sound if user tries to leave button bar by undefined direction -->
		<include content="illegal-action">
			<param name="controlid" value="1005" />
			<param name="returnid" value="999" />
		</include>

		<!-- Play bump sound if user tries to leave cast widget by undefined direction -->
		<include content="illegal-action">
			<param name="controlid" value="1010" />
			<param name="returnid" value="1000" />
		</include>

		<!-- Play bump sound if user tries to leave videos widget by undefined direction -->
		<include content="illegal-action">
			<param name="controlid" value="1015" />
			<param name="returnid" value="150" />
		</include>

		<!-- Show a iOS style page indicator to show which focus group has the current focus -->
		<!-- Focus group can be hidden or shown but is potentially focusable, that is it has not be disabled -->
		<control type="group">
			<include content="page-indicator">
				<param name="indicatorleft" value="0" />
				<param name="indicatortop" value="444" />
				<param name="indicatorwidth" value="48" />
				<param name="indicatorheight" value="192" />
				<param name="indicatororientation" value="vertical" />
				<param name="grp1indicate" value="Control.HasFocus(1123)" />
				<param name="grp1visible" value="!String.IsEqual(Skin.String(show-scrollbar),$LOCALIZE[31875])+Integer.IsGreater(Container(1122).NumPages,1)" />
				<param name="grp2indicate" value="ControlGroup(999).HasFocus()|Control.HasFocus(3550)" />
				<param name="grp2visible" value="Integer.IsGreater(Container(150).NumItems,0)|Integer.IsGreater(Container(1000).NumItems,0)|[!String.IsEqual(Skin.String(show-scrollbar),$LOCALIZE[31875])+Integer.IsGreater(Container(1522).NumPages,1)]" />
				<param name="grp3indicate" value="Control.HasFocus(150)|Control.HasFocus(1000)" />
				<param name="grp3visible" value="[Integer.IsGreater(Container(150).NumItems,0)+Control.IsVisible(150)]|[Integer.IsGreater(Container(1000).NumItems,0)+Control.IsVisible(1000)]" />
			</include>
		</control>
	</controls>
</window>
