<?xml version="1.0" encoding="utf-8"?>
<window>
	<defaultcontrol always="true">3012</defaultcontrol>
	<controls>
		<control type="image">
			<!-- Dialog background -->
			<left>0</left>
			<top>693</top>
			<height>396</height>
			<width>1920</width>
			<texture colordiffuse="mask-background">background-mask.png</texture>
		</control>
		<control type="group">
			<right>0</right>
			<bottom>0</bottom>
			<width>1920</width>
			<height>396</height>
			<control type="group">
				<control type="image" id="3009">
					<!-- Poster -->
					<left>12</left>
					<top>4</top>
					<width>216</width>
					<height>324</height>
					<aspectratio scalediffuse="false">scale</aspectratio>
					<visible>String.IsEmpty(Control.GetLabel(3006))</visible>
				</control>
				<control type="image" id="3006">
					<!-- Clearart -->
					<left>12</left>
					<top>60</top>
					<width>412</width>
					<height>218</height>
					<aspectratio>keep</aspectratio>
				</control>
				<control type="image" id="3010">
					<!-- Landscape -->
					<visible>false</visible>
				</control>
				<control type="image">
					<visible>!Control.HasFocus(3012)</visible>
					<visible>Integer.IsGreater(Player.TimeRemaining(ss),30)</visible>
					<right>159</right>
					<centertop>180</centertop>
					<width>192</width>
					<height>192</height>
					<aspectratio>keep</aspectratio>
					<texture colordiffuse="88ffffff">nextupicons/30.png</texture>
				</control>
				<control type="image">
					<visible>Control.HasFocus(3012)</visible>
					<visible>Integer.IsGreater(Player.TimeRemaining(ss),30)</visible>
					<right>159</right>
					<centertop>180</centertop>
					<width>192</width>
					<height>192</height>
					<aspectratio>keep</aspectratio>
					<texture colordiffuse="FF00a2e0">nextupicons/30.png</texture>
				</control>
				<control type="image">
					<visible>!Control.HasFocus(3012)</visible>
					<visible>!Integer.IsGreater(Player.TimeRemaining(ss),30)</visible>
					<right>159</right>
					<centertop>180</centertop>
					<width>192</width>
					<height>192</height>
					<aspectratio>keep</aspectratio>
					<texture colordiffuse="88ffffff">$INFO[Player.TimeRemaining(ss),nextupicons/,.png]</texture>
				</control>
				<control type="image">
					<visible>Control.HasFocus(3012)</visible>
					<visible>!Integer.IsGreater(Player.TimeRemaining(ss),30)</visible>
					<right>159</right>
					<centertop>180</centertop>
					<width>192</width>
					<height>192</height>
					<aspectratio>keep</aspectratio>
					<texture colordiffuse="FF00a2e0">$INFO[Player.TimeRemaining(ss),nextupicons/,.png]</texture>
				</control>
				<control type="button" id="3012">
					<!-- Watch Now -->
					<right>159</right>
					<centertop>180</centertop>
					<width>192</width>
					<height>192</height>
					<ondown>3013</ondown>
					<texturefocus>blank.png</texturefocus>
					<texturenofocus>blank.png</texturenofocus>
				</control>
				<control type="group">
					<control type="button" id="3013">
						<!-- Cancel -->
						<right>30</right>
						<bottom>15</bottom>
						<width>450</width>
						<height>75</height>
						<onup>3012</onup>
						<align>center</align>
						<font>apptv25</font>
						<label>222</label>
					</control>
					<control type="label">
						<!-- Time remaining -->
						<right>105</right>
						<top>10</top>
						<width>300</width>
						<height>40</height>
						<align>center</align>
						<font>apptv23</font>
						<label>$INFO[Player.TimeRemaining(ss),,sec(s)]</label>
					</control>
					<control type="label">
						<left>438</left>
						<top>0</top>
						<width>1005</width>
						<height>60</height>
						<font>apptv30</font>
						<label>$INFO[Control.GetLabel(3002),$ADDON[service.nextup.notification 30008]... ,]$INFO[Control.GetLabel(3000), ,]</label>
					</control>
					<control type="label" id="3002">
						<!-- Episode/Season info -->
						<visible>false</visible>
					</control>
					<control type="label" id="3000">
						<!-- Title -->
						<width>150%</width>
						<left>400</left>
						<top>0</top>
						<height>60</height>
						<font>apptv25</font>
						<visible>false</visible>
					</control>
					<control type="label" id="3002">
						<!-- Episode/Season info -->
						<visible>false</visible>
					</control>
					<control type="label" id="3003">
						<!-- Rating -->
						<visible>false</visible>
					</control>
					<control type="label" id="3004">
						<!-- Year/Runtime -->
						<visible>false</visible>
					</control>
					<control type="textbox" id="3001">
						<!-- Plot -->
						<left>438</left>
						<top>75</top>
						<width>1005</width>
						<height>262</height>
						<font>apptv20</font>
						<align>justify</align>
					</control>
				</control>
			</control>
		</control>
	</controls>
</window>