<?xml version="1.0" encoding="UTF-8"?>
<addon id="plugin.video.arte_tv" name="Arte.tv" version="2.9.7" provider-name="PUR3">
    <requires>
        <import addon="xbmc.python" version="2.1.0"/>
    </requires>
    <extension point="xbmc.python.pluginsource" library="default.py">
        <provides>video</provides>
    </extension>
    <extension point="xbmc.addon.metadata">
        <platform>all</platform>
        <summary lang="de">ARTE Mediathek (DE/FR)</summary>
        <summary lang="en">ARTE Media Library (DE/FR)</summary>
        <summary lang="fr">ARTE médiathèque (DE/FR)</summary>
        <language>de fr</language>
        <description lang="de">Ermöglicht es Videos aus der ARTE+7 Mediathek oder Live-TV zu schauen. Außerdem ist eine Vorschau des TV-Programms einsehbar.</description>
        <description lang="en">Watch Videos from the ARTE Media Library + Livestream (DE/FR)</description>
        <description lang="fr">Regarder des vidéos de la ARTE médiathèque + Livestream (DE/FR)</description>
        <license>GNU GENERAL PUBLIC LICENSE. Version 2, June 1991</license>
        <source>http://repo.l0re.com/data/plugin.video.arte_tv/</source>
        <website>http://www.arte.tv</website>
    </extension>
</addon>
