<?xml version="1.0" encoding="UTF-8" standalone="yes"?>
<addon id="plugin.video.clipfish.de" name="Clipfish" version="1.1.3" provider-name="bromix">
	<requires>
		<import addon="xbmc.python" version="2.14.0"/>
	</requires>
	<extension point="xbmc.python.pluginsource" library="default.py">
		<provides>video</provides>
	</extension>
	<extension point="xbmc.addon.metadata">
		<summary lang="en">Plugin for clipfish.de</summary>
		<summary lang="de">Plugin für clipfish.de</summary>
		<description lang="en">Clipfish offers you entertainment, music videos, movies, anime, beauty and lifestyle, TV highlights and much more.</description>
		<description lang="de">Clipfish bietet dir Entertainment, Musikvideos, Filme, Anime, Beauty und Lifestyle, TV-Highlights und vieles mehr.</description>
		<disclaimer lang="en"></disclaimer>
		<language>de</language>
		<platform>all</platform>
		<license>GNU GENERAL PUBLIC LICENSE. Version 2, June 1991</license>
		<forum>http://forum.kodi.tv/showthread.php?tid=226529</forum>
		<website>www.clipfish.de/</website>
		<email>bromix at gmx dot net</email>
		<source>https://github.com/bromix/plugin.video.clipfish.de</source>
	</extension>
</addon>
