<?xml version="1.0" encoding="UTF-8" standalone="yes"?>
<addon id="script.cypher.pairwith"
  name="Cypher Pair Hosts"
  version="1.4" 
  provider-name="Cypher">
  <requires>
    <import addon="xbmc.python" version="2.1.0"/>
  </requires>
  <extension point="xbmc.python.script" library="addon.py">
    <provides>executable</provides>
  </extension>
  <extension point="xbmc.addon.metadata">
    <platform>all</platform>
    <summary lang="en">Cypher Pairing for hosts</summary>
    <description lang="en">Cypher Pairing for hosts</description>
	<disclaimer>Cypher Pairing for hosts</disclaimer>
  </extension>
</addon>
