<?xml version="1.0" encoding="UTF-8" standalone="yes"?>
<addon id="plugin.video.comedycentral" name="[COLOR red]Comedy Central[/COLOR]" version="0.1.0" provider-name="EmuZONE">
    <requires>
        <import addon="xbmc.python" version="2.24.0"/>
        <import addon="script.module.requests" version="2.12.4"/>
        <import addon="script.module.beautifulsoup4" version="4.3.2"/>
    </requires>
    <extension point="xbmc.python.pluginsource" library="default.py">
        <provides>video</provides>
    </extension>
  <extension point="xbmc.addon.metadata">
    <summary lang="de">Comedycentral</summary>
    <summary lang="en">Comedycentral</summary>
    <description lang="en">Comedycentral</description>
    <description lang="de">Comedy Central Mediathek</description>
    <website></website>
    <license>GNU GENERAL PUBLIC LICENSE. Version 2, June 1991</license>
    <source>https://github.com/kodinerds/repo/tree/master/addons/plugin.video.L0RE.comedycentral</source>
    <forum>https://www.kodinerds.net/index.php/Thread/55451-L0REs-Blog/</forum>
    <email>andreas at vogler dot name</email>
    <platform>all</platform>
  </extension>
</addon>
