<?xml version="1.0" encoding="UTF-8" standalone="yes"?>
<addon id="plugin.audio.deutschrock" name="[COLOR orange]Deutsch-Rock Radio[/COLOR]" version="1.0.0" provider-name="[COLOR lime]EmuZONE[/COLOR]">
    <requires>
        <import addon="xbmc.python" version="2.1.0"/>
    </requires>
    <extension point="xbmc.python.script" library="default.py">
        <provides>audio</provides>
    </extension>
    <extension point="xbmc.addon.metadata">
       <summary>Radio Online Stream</summary>
        <description>Das erste und einzige Deutsch-Rock Radio fuer das Media Center. Alle weiteren Infos sowie Support erhaltet ihr unter: http://worldofwarcry.de/board/</description>
        <platform>all</platform>
        <language>de</language>
        <license></license>
        <website>http://worldofwarcry.de</website>
        <source>http://github.com/EmuZONE/repo/plugin.audio.deutschrock/</source>
        <email>emuzone@outlook.com</email>
    </extension>
</addon>