<?xml version="1.0" encoding="UTF-8" standalone="yes"?>
<addon id="metadata.albums.metal-archives.com"
       name="Encyclopaedia Metallum"
       version="2.0.0"
       provider-name="farlight">
  <requires>
    <import addon="xbmc.metadata" version="2.1.0"/>
  </requires>
  <extension point="xbmc.metadata.scraper.albums"
             language="en"
             library="metal-archives.xml"/>
  <extension point="xbmc.addon.metadata">
    <summary lang="en">Download information about your metal from Encyclopaedia Metallum</summary>
    <summary lang="es">Descarga información desde Encyclopaedia Metallum</summary>
    <summary lang="hu">Encyclopaedia Metallum album információk</summary>
    <summary lang="pl">Pobieraj informacje z Encyklopedii Metallum</summary>
    <description lang="en">Encyclopaedia Metallum: The Metal Archives is a website which lists bands from various forms of heavy metal music. Encyclopaedia Metallum attempts to provide comprehensive information on each band, such as a discography, logos, pictures, lyrics, line-ups, biography, trivia and user-submitted reviews. The site also provides a system for submitting bands to the archives, and users are encouraged to use it. The site has 73,000+ bands listed, 170,000+ releases, 1,196,000+ tracks, 52,000+ reviews and 227,000+ registered users. It is one of the top 500 most-visited websites in five countries.</description>
    <description lang="es">Encyclopaedia Metallum: The Metal Archives es un lugar donde encontrar información sobre toda la musica heavy metal. Encyclopaedia Metallum intenta tener toda la información relevante sobre cualquier banda del metal, discografía, logos, imágenes, letras, músicos, biografía y reviews de usuarios. La web tiene un sistema para añadir nuevas bandas por usuarios que mantienen los propios usuarios. Actualmente contiene mas de 73.000 bandas, mas de 170.000 ediciones, mas de 1.196.000 canciones, mas de 52.000 reviews y mas de 227.000 usuarios registrados. Es una de las 500 webs mas visitadas mundialmente.</description>
    <description lang="hu">A Metal Archives egy weboldal ami a heavy metal zene különböző formáit listázza. Az oldal megpróbál átfogó információkat nyújtani minden egyes csapatról, mint a diszkográfia, logók, képek, dalszövegek, felállások, életrajzok és felhasználói vélemények.Továbbá egy olyan rendszert nyújt melyben a felhasználók bátorítva vannak, hogy együtteseket, információkat adjanak hozzá az adatbázishoz. Az oldalon 73,000+ együttes van listázva, 1,196,000+ szám, 52,000+ kritika és 227,000+ regisztrált felhasználó. A webhely benne van az 500 leglátogatottabb weboldal között öt országban.</description>
    <description lang="pl">Encyklopedia Metallum: Metalowe Archiwa to strona skupiająca metalowe kapele. Serwis stara się zbierać wszystkie informacje o formacjach metalowych i ich twórczości (dyskografie, logotypy, zdjęcia, teksty, biografie, ciekawostki i recenzje użytkowników).</description>
    <language></language>
	<platform>all</platform>
	<website></website>
    <source>https://github.com/farlight1/metadata.albums.metal-archives.com</source>
    <email></email>
    <forum></forum>
    <license>GPL v2.0</license>
  </extension>
</addon>