<?xml version="1.0" encoding="UTF-8"?>
<addon id="plugin.onedrive" name="OneDrive" version="1.3.2" provider-name="Carlos Guzman (cguZZman)">
	<requires>
		<import addon="xbmc.python" version="2.19.0" />
	</requires>
	<extension point="xbmc.python.pluginsource" library="addon.py">
		<provides>image audio video</provides>
	</extension>
	<extension point="xbmc.service" library="service.py" start="login" />
	<extension point="xbmc.addon.metadata">
		<platform>all</platform>
		<summary lang="en">Microsoft OneDrive for KODI</summary>
		<description lang="en">
Play all your media from OneDrive including Videos, Music and Pictures.
 - Unlimited number of personal or business accounts.
 - Search over your drive.
 - Auto-Refreshed slideshow.
 - Export your videos to your library (.strm files)
 - Use OneDrive as a source
 - This program is not affiliated with or sponsored by Microsoft.
		</description>
		<license>GNU GENERAL PUBLIC LICENSE. Version 2, June 1991</license>
		<source>https://github.com/cguZZman/onedrive-kodi-addon</source>
		<forum>http://forum.kodi.tv/showthread.php?tid=228443</forum>
		<website>http://onedrive.daro.mx/</website>
	</extension>
</addon>
