<?xml version="1.0" encoding="UTF-8"?>
<addon
  id="plugin.video.animetube"
  version="1.3.3"
  name="Anime-Tube.TV"
  provider-name="Jin">
  <requires>
   <import addon="xbmc.python" version="2.1.0"/>
  </requires>
  <extension 
    point="xbmc.python.pluginsource"
    library="default.py">
   <provides>video</provides>
  </extension>
  <extension point="xbmc.addon.metadata">
    <summary>Anime-Tube.TV</summary>
    <description>Die Anime Community mit hunderten Anime als Livestream.</description>
    <platform>all</platform>
    <forum>http://kodinerds.net</forum>
  </extension>
</addon>
