<?xml version="1.0" encoding="UTF-8" standalone="yes"?>
<addon id="repository.duckpool" name="DUCKPOOL Repository" version="10.5" provider-name="Mucky Duck">
	<extension point="xbmc.addon.repository" name="DUCKPOOL">
		<info compressed="false">https://raw.githubusercontent.com/mucky-duck/duckpool/master/addons.xml</info>
		<checksum>https://raw.githubusercontent.com/mucky-duck/duckpool/master/addons.xml.md5</checksum>
		<datadir zip="true">https://raw.githubusercontent.com/mucky-duck/duckpool/master/zips/</datadir>
	</extension>
	<extension point="xbmc.addon.metadata">
		<summary>DUCKPOOL Repo</summary>
		<description>DUCKPOOL Repo</description>n 
		<platform>all</platform>
	</extension>
</addon>