<?xml version="1.0" encoding="UTF-8"?>
<addon id="plugin.video.n24_de" name="N24.de" version="2.0.14" provider-name="AddonScriptorDE">
    <requires>
        <import addon="xbmc.python" version="2.1.0"/>
    </requires>
    <extension point="xbmc.python.pluginsource" library="default.py">
        <provides>video</provides>
    </extension>
    <extension point="xbmc.addon.metadata">
        <platform>all</platform>
        <summary lang="de">N24 Mediathek und Livestream</summary>
        <summary lang="en">N24 Media Library and Livestream</summary>
        <language>de</language>
        <description lang="de">N24 Mediathek und Livestream</description>
        <description lang="en">N24 Media Library and Livestream</description>
        <disclaimer lang="en">Some parts of this addon may not be legal in your country of residence - please check with your local laws before installing.</disclaimer>
    <platform>all</platform>
    </extension>
</addon>
