<?xml version="1.0" encoding="UTF-8" standalone="yes"?>
<addon id="metadata.bestanime.co.kr"
       name="BestAnime"
       version="1.0.3"
       provider-name="XBMC-Korea">
  <requires>
    <import addon="xbmc.metadata" version="1.0"/>
  </requires>
  <extension point="xbmc.metadata.scraper.tvshows"
             language="ko"
             library="bestanime.xml"/>
  <extension point="xbmc.addon.metadata">
    <summary lang="en">BestAnime TV Anime Scraper</summary>
    <summary lang="ko">베스트애니메 스크래퍼</summary>
    <description lang="en">Download Anime information from bestanime.co.kr</description>
    <description lang="ko">bestanime.co.kr에서 애니 정보 다운로드. 팬아트와 각회정보는 TheTVDB에서 가져옴.</description>
  </extension>
</addon>
