<?xml version="1.0" encoding="UTF-8" standalone="yes"?>
<addon
   id="plugin.program.installer"
   name="EmuZONE Installer"
   version="1.0.0-d0"
   provider-name="EmuZONE">
  <requires>
<import addon="plugin.video.xstream" version="3.4.4" optional="false"/>
<import addon="plugin.video.exodus" version="4.1.07" optional="false"/>
<import addon="plugin.video.uiptv" version="1.0.5" optional="false"/>
<import addon="plugin.video.southpark_unofficial" version="0.4.6" optional="false"/>
<import addon="plugin.video.dokumediathek" version="1.1.0" optional="false"/>
<import addon="plugin.audio.deutschrock" version="2.1.0" optional="false"/>
<import addon="plugin.audio.mp3streams" version="2017.09.09" optional="false"/>
</requires>
    <extension point="xbmc.addon.repository" />    
	<extension point="xbmc.addon.metadata">
		<summary>Uninstall this bundle installer. It's job is done.</summary>
		<description>Uninstall this placeholder once the bundle is installed. It's job is done. Get more bundles from SuperRepo.org![CR][CR]Addons installed using this bundle are:[CR]- VPN for OpenELEC[CR]- 7TV[CR]- 7TV[CR]- Brettus Documentaries[CR]- CarbonTV[CR]- Chip.de[CR]- Concert Archive[CR]- CrimeTube[CR]- FTP HUB - FTP Server[CR][CR][CR][CR][CR]</description>
		<disclaimer>This bundle is created at SuperRepo.org[CR]</disclaimer>
		<platform>all</platform>
		<license>GNU GENERAL PUBLIC LICENSE. Version 2, June 1991</license>
	</extension>
</addon>