<?xml version="1.0" encoding="UTF-8" standalone="yes"?>
<addon id="plugin.program.wienerlinien" name="Wiener Linien" version="0.1.2" provider-name="sofaking">
    <requires>
        <import addon="xbmc.python" version="2.1.0"/>
		<import addon="script.common.plugin.cache" version="0.9.1"/>
    </requires>
    <extension point="xbmc.python.pluginsource" library="default.py">
        <provides>executable</provides>
    </extension> 
    <extension point="xbmc.addon.metadata">
        <platform>all</platform>
        <summary lang="de">Wiener Linien</summary>
        <summary lang="en">Wiener Linien</summary>
        <language>de</language>
        <description lang="de">Wiener Linien - Fahrplanabfrage</description>
        <description lang="en">Wiener Linien - Vienna Public Transportation Schedule"</description>
        <license>GNU GENERAL PUBLIC LICENSE. Version 2, June 1991</license>
        <email>sofaking@gettingmoney.at</email>
    </extension>
</addon>
