﻿<?xml version="1.0" encoding="UTF-8" standalone="yes"?>
<addon id="plugin.shutdown.kodi" name="[COLOR red]Force Shutdown Kodi[/COLOR] " version="3.1.3" provider-name="EmuZONE">
  <requires>
    <import addon="xbmc.python" version="2.1.0"/>
  </requires>
  <extension point="xbmc.python.pluginsource" library="default.py">
        <provides>executable</provides>
  </extension>
  <extension point="xbmc.addon.metadata">
    <summary lang="en">Plugin zum erzwungenem Beenden von Kodi.</summary>
    <description lang="en">Wer kennt es nicht, man will die letzten Aenderungen in Kodi speichern und als man das Programm beenden will, haengt es sich auf und alle Arbeit war umsonst? Das hat nun ein Ende!</description>
    <platform>all</platform>
  </extension>
</addon>
