<?xml version="1.0" encoding="UTF-8"?>
<addon id="plugin.video.chaturbate"
version="1.1.2"
name="[COLOR yellow]Chaturbate[/COLOR]"
provider-name="Ann1Ka">
<requires>
  <import addon="xbmc.python" version="2.1.0"/>
</requires>
<extension point="xbmc.python.pluginsource" library="main.py">
  <provides>video</provides>
</extension>
<extension point="xbmc.addon.metadata">
  <summary lang="en">Chaturbate Video Chats</summary>
  <description lang="en_GB">Video Chats with Beautiful Bunnys.</description>
  <disclaimer lang="en_GB">All Rights at Annikas Pussy</disclaimer>
  <assets>
    <icon>icon.png</icon>
    <fanart>fanart.jpg</fanart>
    <screenshot>resources\screenshot-01.jpg</screenshot>
    <screenshot>resources\screenshot-02.jpg</screenshot>
    <screenshot>resources\screenshot-03.jpg</screenshot>    
  </assets>
  <news>Updated with latest artwork metadata</news>
</extension>
</addon>
