<?xml version="1.0" encoding="UTF-8" standalone="yes"?>
<addon 
	id="plugin.video.gamekings" 
	name="GameKings" 
	version="1.2.10"
	provider-name="Skipmode A1, Amelandbor">
  <requires>
    <import addon="xbmc.python"                 version="2.14.0"/>
	<import addon="script.module.beautifulsoup" version="3.0.8"/>
	<import addon="plugin.video.youtube"        version="5.1.7"/>
    <import addon="script.module.requests"      version="2.4.3"/>
    <import addon="plugin.video.vimeo"          version="4.1.4"/>
    <import addon="plugin.video.twitch"         version="1.4.5"/>
  </requires>
  <extension point="xbmc.python.pluginsource" 	library="addon.py">
    <provides>video</provides>
  </extension>
  <extension point="xbmc.addon.metadata">
	<platform>all</platform>
	<summary lang="en">Watch videos from Gamekings.nl (dutch)</summary>
	<description lang="en">Watch videos from Gamekings.nl (dutch)</description>
	<disclaimer lang="en">For bugs, requests or general questions visit the Gamekings.nl thread on the Kodi forum.</disclaimer>
	<summary lang="nl">Bekijk videos van Gamekings.nl (dutch)</summary>
	<description lang="nl">Bekijk videos van Gamekings.nl (dutch)</description>
	<disclaimer lang="nl">Bugs of andere feedback op deze plugin kan geplaatst worden in de Gamekings.nl thread op het Kodi forum.</disclaimer>
    <language>nl</language>
    <platform>all</platform>
    <license>GNU GENERAL PUBLIC LICENSE. Version 2, June 1991</license>
    <forum>http://forum.xbmc.org/showthread.php?tid=161375</forum>
    <website>https://www.gamekings.nl</website>
    <email></email>
    <source>https://github.com/skipmodea1/plugin.video.gamekings</source>
  </extension>
</addon>