<?xml version="1.0" encoding="UTF-8" standalone="yes"?>
<addon id="plugin.video.gigagames" name="[COLOR yellow]Giga Games Kanal[/COLOR]" version="1.0.7" provider-name="EmuZONE">
  <requires>
    <import addon="xbmc.python" version="2.1.0" />
	<import addon="script.module.beautifulsoup4" version="4.4.1.1"/>
	<import addon="plugin.video.youtube" version="5.3.7"/>
  </requires>
	<extension point="xbmc.python.pluginsource" library="default.py">
		<provides>video</provides>
	</extension>
  <extension point="xbmc.addon.metadata">
    <platform>all</platform>
    <summary>Giga Games Youtube Kanal</summary>
    <description>Videos von Giga Games und allem zu diesem Thema</description>
  </extension>
</addon>
