<?xml version="1.0" encoding="UTF-8" standalone="yes"?>
<addon id="plugin.video.sportdeutschland_tv" name="Sportdeutschland.TV" version="1.1.1" provider-name="PUR3">
	<requires>
    	<import addon="xbmc.python" version="2.1.0"/>
	</requires>
	<extension point="xbmc.python.pluginsource" library="default.py">
        <provides>video</provides>
    </extension>
	<extension point="xbmc.addon.metadata">
	    <summary lang="de">Livestreams und Videos von sportdeutschland.tv</summary>
	    <description lang="de">Sportdeutschland.tv zeigt exklusiv die Volleyball- und Tischtennis-Bundesliga, außerdem Basketball und noch viel mehr Sport!</description>
	    <platform>all</platform>
	    <language>de</language>
  	</extension>
</addon>