<?xml version="1.0" encoding="UTF-8" standalone="yes"?>
<addon id="plugin.video.kingofqueens" name="[COLOR skyblue]TV-Show BoxSets[/COLOR]" version="1.0.1" provider-name="EmuZONE REPO">
  <requires>
    <import addon="xbmc.python" version="2.1.0" />
	<import addon="script.module.beautifulsoup4" version="4.4.1.1"/>
	<import addon="plugin.video.youtube" version="5.3.7"/>
  </requires>
	<extension point="xbmc.python.pluginsource" library="default.py">
		<provides>video</provides>
	</extension>
  <extension point="xbmc.addon.metadata">
    <platform>all</platform>
    <summary>Komplette Staffeln</summary>
    <description>TV Serien Komplette Staffeln</description>
  </extension>
</addon>
