<?xml version="1.0" encoding="UTF-8" standalone="yes"?>
<addon id="plugin.video.venix" name="[COLOR white]Venix[/COLOR] [COLOR blue]YouTube[/COLOR] [COLOR white]Chanel[/COLOR]" version="1.0.0" provider-name="Kodiman | HSK-DE">
  <requires>
    <import addon="xbmc.python" version="2.1.0" />
	<import addon="script.module.beautifulsoup4" version="4.4.1.1"/>
	<import addon="plugin.video.youtube" version="5.3.7"/>
  </requires>
	<extension point="xbmc.python.pluginsource" library="default.py">
		<provides>video</provides>
	</extension>
  <extension point="xbmc.addon.metadata">
    <platform>all</platform>
    <summary>powered by HSK</summary>
    <description>VENIX - Technik, Reviews und Tutorials :
https://www.facebook.com/venix.tech.3
    </description>
  </extension>
</addon>
