﻿<?xml version="1.0" encoding="UTF-8" standalone="yes"?>
<addon id="repository.emuzone" name="[COLOR red]EMUZONE[/COLOR] [COLOR white]ADDON[/COLOR] [COLOR red]REPOSITORY[/COLOR]" version="2.1.7" provider-name="EmuZONE">
	<requires>
		<import addon="xbmc.gui" version="5.12.0"/>
		<import addon="plugin.video.xstream"/>
		<import addon="plugin.video.exodus"/>
		<import addon="weather.yahoo" version="4.3.1"/>
	</requires>
	<extension point="xbmc.addon.repository" name="EmuZONE">
		<info compressed="true">https://raw.githubusercontent.com/emuzone/repo/master/addons.xml</info>
		<checksum>https://raw.githubusercontent.com/emuzone/repo/master/addons.xml.md5</checksum>
		<datadir zip="true">https://raw.githubusercontent.com/emuzone/repo/master/</datadir>
	</extension>
	<extension point="xbmc.addon.metadata">
		<summary lang="en">Official Repository of EmuZONE</summary>
		<summary lang="de">Offizielles Repository der EmuZONE</summary>
		<description lang="en">This is the official Repository of the german Community 'EmuZONE' which you'll find at www.worldofwarcry.de. Most of the hosted Addons are supported by the members of the Community. Enjoy!</description>
		<description lang="de">Das ist das offizielle Repository der deutschen Community 'EmuZONE', welche Du unter www.worldofwarcry.de findest. Die meisten der hier gehosteten Addons werden von den Mitgliedern der Community aktiv supported. Viel Spaß!</description>
		<disclaimer></disclaimer>
		<platform>all</platform>
	</extension>
</addon>
