<?xml version="1.0" encoding="UTF-8" standalone="yes"?>
<addon id="plugin.video.emuzone" name="[COLOR green]EmuZONE Freiheit Kanal[/COLOR]" version="1.0.7" provider-name="EmuZONE">
  <requires>
    <import addon="xbmc.python" version="2.1.0" />
	<import addon="script.module.beautifulsoup4" version="4.4.1.1"/>
	<import addon="plugin.video.youtube" version="5.3.7"/>
  </requires>
	<extension point="xbmc.python.pluginsource" library="default.py">
		<provides>video</provides>
	</extension>
  <extension point="xbmc.addon.metadata">
    <platform>all</platform>
    <summary>Der 3. Blickwinkel</summary>
    <description>Informationsvideos von der 3. Blickwinkel sowie anderen Inhalten zum Thema Volk und Nation.</description>
  </extension>
</addon>
