<?xml version="1.0" encoding="UTF-8" standalone="yes"?>
<addon id="plugin.audio.intergalacticfm"
       name="Intergalactic FM"
       version="1.0.7"
       provider-name="Pander">
    <requires>
        <import addon="xbmc.python" version="2.1.0"/>
        <import addon="script.module.beautifulsoup" version="3.0.8"/>
    </requires>
    <extension point="xbmc.python.pluginsource" library="default.py">
        <provides>audio</provides>
    </extension>
    <extension point="xbmc.addon.metadata">
        <platform>all</platform>
        <summary lang="en">No Station Such Dedication</summary>
        <summary lang="de">No Station Such Dedication</summary>
        <summary lang="nl">No Station Such Dedication</summary>
        <description lang="en"><![CDATA[
Multiple channels of listener-supported, commercial-free, underground/alternative radio broadcasting from Intergalacic FM.

See also the video plugin. Please consider donating at https://intergalactic.fm to keep Intergalactic FM in orbit.

No Station Such Dedication
        ]]></description>
        <description lang="de"><![CDATA[
Mehrere einzigartige Sender vom hörergetragenen, werbefreien, underground / alternative Radio von Intergalactic FM.

Siehe auch die Video-Plugin. Bitte denk über eine Spende auf https://intergalactic.fm nach, um Intergalactic FM in der Umlaufbahn zu erhalte.

No Station Such Dedication
        ]]></description>
        <description lang="nl"><![CDATA[
Meerdere unieke kanalen van luisteraarsondersteunde, reclamevrije, alternatieve radiouitzendingen van Intergalactic FM.

Zie ook de videoplugin. Overweeg a.u.b. een donatie te doen op https://intergalactic.fm om Intergalactic FM in haar baan te houden.

No Station Such Dedication
        ]]></description>
        <license>GNU General Public License, Version 2</license>
        <source>https://github.com/intergalacticfm/plugin.audio.intergalacticfm</source>
        <website>https://intergalactic.fm</website>
        <forum>http://forum.kodi.tv/showthread.php?tid=257200</forum>
    </extension>
</addon>
