<?xml version="1.0" encoding="UTF-8"?>
<addon id="plugin.video.spiegel_tv" name="Spiegel.tv" version="1.1.5" provider-name="L0RE">
    <requires>
        <import addon="xbmc.python" version="2.1.0"/>
    </requires>
    <extension point="xbmc.python.pluginsource" library="default.py">
        <provides>video</provides>
    </extension>
    <extension point="xbmc.addon.metadata">
        <platform>all</platform>
        <summary lang="de">Spiegel TV Mediathek (Reportagen/Dokumentationen)</summary>
        <summary lang="en">Spiegel TV media library</summary>
        <broken>Muss Neu geschrieben werden</broken>
        <language>de</language>
        <description lang="de">Spiegel TV Mediathek (Reportagen/Dokumentationen)</description>
        <description lang="en">Spiegel TV media library</description>
        <disclaimer lang="en">Some parts of this addon may not be legal in your country of residence - please check with your local laws before installing.
Orginal Code was from AddonScriptorDE</disclaimer>
        <license>GNU GENERAL PUBLIC LICENSE. Version 2, June 1991</license>
        <source>http://repo.l0re.com/data/plugin.video.spiegel_tv/</source>
        <forum>http://www.kodinerds.net/index.php/Thread/11527-AddonScriptorDE-s-Addon-Sammlung/</forum>
        <email>lore at vogler dot name</email>
        <website>http://www.spiegel.tv</website>
    </extension>
</addon>
