<?xml version="1.0" encoding="UTF-8" standalone="yes"?>
<addon id="script.screensaver.football.panel" name="Football Panel" version="1.4.3" provider-name="enen92">
	<requires>
		<import addon="xbmc.python" version="2.20.0"/>
		<import addon="script.module.thesportsdb" version="1.0.1"/>
		<import addon="script.module.feedparser" version="5.1.3"/>
		<import addon="script.module.pytz" version="2014.2"/>
	</requires>
	<extension point="xbmc.ui.screensaver" library="interface.py" />
	<extension point="xbmc.python.script" library="interface.py" />
	<extension point="xbmc.addon.metadata">
		<platform>all</platform>
		<news>[1.4.3] Fixes for estuary</news>
		<license>GNU GENERAL PUBLIC LICENSE. Version 2, June 1991</license>
		<website>http://www.thesportsdb.com/</website>
		<source>https://github.com/enen92/script.screensaver.football.panel</source>
		<forum>http://forum.kodi.tv/showthread.php?tid=258252</forum>
		<summary lang="en">A football panel made for Kodi</summary>
		<summary lang="en">Um painel de futebol para o Kodi</summary>
		<description lang="en">Livescores, League tables and RSS feeds as a screensaver or program addon. [CR][CR]Powered by http://www.thesportsdb.com</description>
		<description lang="pt">Resultados ao vivo, tabelas de classificação e feeds RSS como um screensaver ou um programa addon. [CR][CR]Suportado por http://www.thesportsdb.com</description>
		<assets>
		    <icon>icon.png</icon>
		    <fanart>fanart.jpg</fanart>
		    <screenshot>resources/screenshots/screenshot-01.jpg</screenshot>
		    <screenshot>resources/screenshots/screenshot-02.jpg</screenshot>
		    <screenshot>resources/screenshots/screenshot-03.jpg</screenshot>
		    <screenshot>resources/screenshots/screenshot-04.jpg</screenshot>
		</assets>
    </extension>
</addon>
