<?xml version="1.0" encoding="UTF-8" standalone="yes"?>
<addon id="plugin.video.gameinfos" name="[COLOR skyblue]Game Infos[/COLOR] [COLOR white]Pro[/COLOR]" version="1.2.7" provider-name="EmuZONE">
  <requires>
    <import addon="xbmc.python" version="2.1.0" />
	<import addon="script.module.beautifulsoup4" version="4.4.1.1"/>
	<import addon="plugin.video.youtube" version="5.3.7"/>
  </requires>
	<extension point="xbmc.python.pluginsource" library="default.py">
		<provides>video</provides>
	</extension>
  <extension point="xbmc.addon.metadata">
    <platform>all</platform>
    <summary>Games Informations</summary>
    <description>Informationen und Details zu aktuellen Spielen unterschiedlicher Plattformen wie PlayStation 4, Xbox One und dem PC.</description>
  </extension>
</addon>
