<?xml version="1.0" encoding="UTF-8" standalone="yes"?>
<addon id="plugin.video.myspass_de" name="Myspass.de" version="3.0.3" provider-name="L0RE">
    <requires>
        <import addon="xbmc.python" version="2.24.0"/>
		<import addon="script.module.youtube.dl" version="14.810.0"/>
    </requires>
    <extension point="xbmc.python.pluginsource" library="default.py">
        <provides>video</provides>
    </extension>
  <extension point="xbmc.addon.metadata">    
    <summary lang="de">Schlag den Raab/Star, TV total, Elton vs. Simon, Pastewka, Dr. Psycho, Stromberg, South Park, Spongebob und vieles mehr...</summary>
    <summary lang="en">Schlag den Raab/Star, TV total, Elton vs. Simon, Pastewka, Dr. Psycho, Stromberg, South Park, Spongebob and much more...</summary>
    <language>de</language>
    <description lang="de">Schlag den Raab/Star, TV total, Elton vs. Simon, Pastewka, Dr. Psycho, Stromberg, South Park, Spongebob und vieles mehr...</description>
    <description lang="en">Schlag den Raab/Star, TV total, Elton vs. Simon, Pastewka, Dr. Psycho, Stromberg, South Park, Spongebob and much more...</description>
    <license>GNU GENERAL PUBLIC LICENSE. Version 2, June 1991</license>
    <website></website>
    <source>https://github.com/kodinerds/repo/tree/master/addons/plugin.video.ampya</source>
    <forum>http://www.kodinerds.net/</forum>
    <email>andreas at vogler dot name</email>
    <platform>all</platform>
  </extension>
</addon>
