<?xml version="1.0" encoding="UTF-8" standalone="yes"?>
<addon id="service.subtitles.tv4user" name="Tv4user.de" version="0.8.12" provider-name="L0RE">
  <requires>
    <import addon="xbmc.python" version="2.19.0"/>
    <import addon="script.module.requests" version="2.12.4"/>
  </requires>
  <extension point="xbmc.subtitle.module"
             library="service.py" />
  <extension point="xbmc.addon.metadata">
    <summary lang="en">Untertitel von board.tv4user.de fuer Serien in Deutsch und Englisch</summary>
    <description lang="en">Subtitle in German/English for Serien from board.tv4user.de </description>
    <disclaimer lang="en"></disclaimer>
    <platform>all</platform>
    <license>GNU GENERAL PUBLIC LICENSE. Version 2, June 1991</license>
    <forum>http://www.kodinerds.net/index.php/Thread/47097-RELEASE-Untertitel-Plugin-f%C3%BCr-http-board-tv4user-de</forum>
    <website>http://www.br.de</website>
    <email>andreas at vogler dot name</email>
    <source>https://github.com/kodinerds/repo/tree/master/addons/service.subtitles.tv4user</source>
  </extension>
</addon>
