<?xml version="1.0" encoding="UTF-8" standalone="yes"?>
<addon id="plugin.video.exodus" version="4.1.10" name="[COLOR red]Exodus Media[/COLOR]" provider-name="EmuZONE">
	<requires>
		<import addon="xbmc.python" version="2.19.0" />
		<import addon="script.module.exodus" />
		<import addon="script.exodus.artwork" version="1.0.7" />
		<import addon="script.exodus.metadata" version="1.0.2" />
		<import addon="script.module.urlresolver" version="5.0.23" />
		<import addon="script.module.requests" />
		<import addon="script.module.metahandler" version="3.0.2" />
	</requires>
	<extension point="xbmc.python.pluginsource" library="exodus.py">
		<provides>video</provides>
	</extension>
	<extension point="xbmc.service" library="service.py" start="startup" />
	<extension point="xbmc.addon.metadata">
		<summary lang="en">Exodus</summary>
        <description lang="de">Dies ist eine von allem Unrat befreite Version des beliebten Streaming Addons. Es wird weder das nervige Indigo sowie nutzlose Repositories Installiert.</description>
		<disclaimer lang="de">Die von diesem Addon dargestellten Inhalte werden von den Erstellern des Addons weder gehostet oder verbreitet, noch stehen die Ersteller in irgendeiner Beziehung zu den Content-Anbietern.</disclaimer>
        <platform>all</platform>
		<license>GNU GENERAL PUBLIC LICENSE. Version 3, 29 June 2007</license>
		<forum>https://github.com/emuzone/</forum>
		<website>https://github.com/emuzone/</website>
		<assets>
			<icon>icon.png</icon>
			<fanart>fanart.jpg</fanart>
    			<screenshot>resources/screenshots/screenshot-01.jpg</screenshot>
    			<screenshot>resources/screenshots/screenshot-02.jpg</screenshot>
    			<screenshot>resources/screenshots/screenshot-03.jpg</screenshot>
		</assets>
		<news></news>
	</extension>
</addon>
