<?xml version="1.0" encoding="UTF-8" standalone="yes"?>
<addon id="plugin.video.cyphertv" name="Cypher TV" version="1.1" provider-name="Cypher">  
	<requires>
		<import addon="xbmc.python" version="2.1.0"/>    
		<import addon="script.module.urlresolver"  version="2.1.2"/> 
	</requires>  
	<extension point="xbmc.python.pluginsource" library="default.py">        
		<provides>video</provides>  
	</extension>  
	<extension point="xbmc.addon.metadata">    
		<summary lang="en">One click TV Shows By Cypher</summary>    
		<description lang="en">One click TV Shows By Cypher from watch-episodes, We do not host any of the files within this Addon, we are in no way affiliated with KODI, Based on Code by metalkettle</description>    
		<platform>all</platform>  
	</extension>
</addon>