<?xml version="1.0" encoding="UTF-8"?>
<addon id="plugin.video.dokumediathek" name="Doku Mediathek" version="1.1.0" provider-name="EmuZONE">
    <requires>
        <import addon="xbmc.python" version="2.1.0"/>
        <import addon="script.module.requests" version="2.7.0"/>
        <import addon="plugin.video.youtube" version="5.1.20.6"/>
    </requires>
    <extension point="xbmc.python.pluginsource" library="default.py">
        <provides>video</provides>
    </extension>
    <extension point="xbmc.addon.metadata">
        <platform>all</platform>
        <summary lang="en">The largest german documentary library on the net</summary>
        <description lang="en">Over 15,000 documentaries, documentaries, reports and lectures in full length.</description>
        <summary lang="de">Die groesste Doku-Mediathek im Netz</summary>
		<description lang="de">Uber 15.000 Dokumentationen, Dokumentafilme, Reportagen und Votrage in voller Lange.</description>
        <license>GPL 2.0</license>
        <assets>
            <icon>resources\icon.png</icon>
            <fanart>resources\fanart.jpg</fanart>
            <screenshot>resources\screenshot-01.jpg</screenshot>
            <screenshot>resources\screenshot-02.jpg</screenshot>
            <screenshot>resources\screenshot-03.jpg</screenshot>
        </assets>
    </extension>
</addon>
