<?xml version="1.0" encoding="UTF-8" standalone="yes"?>
<addon id="screensaver.flipclock" name="Flip Clock" version="1.0.0" provider-name="Lunatixz">
    <requires>
        <import addon="xbmc.python" version="2.25.0"/>
    </requires>
	<extension point="xbmc.ui.screensaver" library="default.py"/>
    <extension point="xbmc.python.script"  library="default.py"/>
    <extension point="xbmc.addon.metadata">
        <summary lang="en_GB">Flip clock screensaver.</summary>
        <description lang="en_GB">Flip clock screensaver.</description>
        <license>GNU GENERAL PUBLIC LICENSE. Version 3, June 2007</license>
        <platform>all</platform>
        <source>https://github.com/Lunatixz/XBMC_Addons/tree/master/screensaver.flipclock</source>
        <news></news>
        <assets>
            <icon>icon.png</icon>
            <fanart>fanart.jpg</fanart>
            <screenshot>screenshot01.png</screenshot>
            <screenshot>screenshot02.png</screenshot>
        </assets>
    </extension>
</addon>
