<?xml version="1.0" encoding="UTF-8" standalone="yes"?>
<addon id="plugin.video.4players" name="4Players Videos" version="2.0.4" provider-name="Tristan Fischer (sphere@dersphere.de)">
    <requires>
        <import addon="xbmc.python" version="2.14.0"/>
        <import addon="script.module.xbmcswift2" version="2.4.0"/>
    </requires>
    <extension point="xbmc.python.pluginsource" library="addon.py">
        <provides>video</provides>
    </extension>
    <extension point="xbmc.addon.metadata">
        <platform>all</platform>
        <language>de</language>
        <website>http://www.4players.de/</website>
        <source>https://github.com/dersphere/plugin.video.4players</source>
        <forum>http://forum.xbmc.org/showthread.php?tid=110689</forum>
        <email>sphere@dersphere.de</email>
        <license>GNU GENERAL PUBLIC LICENSE. Version 2, June 1991</license>
        <summary lang="be">Game related videos from www.4players.de</summary>
        <summary lang="bg">Game related videos from www.4players.de</summary>
        <summary lang="ca">Vídeos relacionats amb jocs de www.4players.de</summary>
        <summary lang="de">Videos über Computer-Spiele von www.4players.de</summary>
        <summary lang="el">Βίντεο παιχνιδιών από το www.4players.de</summary>
        <summary lang="en">Game related videos from www.4players.de</summary>
        <summary lang="es">Videos de juegos de www.4players.de</summary>
        <summary lang="fr">Vidéos de jeu de www.4players.de</summary>
        <summary lang="fr_CA">Vidéos relatifs à des jeux provenant de www.4players.de</summary>
        <summary lang="gl">Vídeos de www.4players.de sobre Xogos</summary>
        <summary lang="he">סרטונים בנושא משחקי וידאו מ-www.4players.de</summary>
        <summary lang="hr">Igre povezane s video snimkama sa www.4players.de</summary>
        <summary lang="hu">Játékkal kapcsolatos videók a www.4players.de weboldalról</summary>
        <summary lang="it">Filmati relativi al Gioco da www.4players.de</summary>
        <summary lang="nl">Spel gerelateerde video's van www.4players.de</summary>
        <summary lang="pl">Wideo o grach z www.4players.de</summary>
        <summary lang="pt">Vídeos de jogos a partir de www.4players.de</summary>
        <summary lang="pt_BR">Vídeos relacionados a Jogos de www.4players.de</summary>
        <summary lang="sv">Spelrelaterade videor från www.4players.de</summary>
        <summary lang="zh">www.4players.de上的游戏相关视频</summary>
        <description lang="be">4Players is a german video-game magazine.[CR]With this add-on you can browse latest- or popular-videos, game reviews or browse videos by games you are interested in.[CR]You can also filter the videos by platforms in the add-on settings.</description>
        <description lang="bg">4Players е германско списание видео игри.[CR]С тази добавка можете да търсите най-новите или най-популярните видео клипове, ревюта или да търсите видео клипове за игри, от които се интересувате.[CR]Можете също да филтрирате видео клипове от платформи от настройките на добавката.</description>
        <description lang="ca">4Players es una revista de videojocs alemanya.[CR]Amb aquest complement pots explorar els últims- o els més populars-vídeos, ressenyes de videojocs o buscar vídeos dels videojocs que t'interessin.[CR]També pots filtrar els vídeos per plataforma en la configuració del complement.</description>
        <description lang="de">4Players ist ein deutesches Videospielmagazin.[CR]Mit diesem Addon können die neuesten oder populärsten Videos, Spiel-Reviews oder Videos von Spielen, an denen Du interessiert bist, durchsucht werden.[CR]Die Videos können auch nach Plattform gefiltert werden, siehe Addon-Einstellungen.</description>
        <description lang="el">Το 4Players είναι ένα γερμανικό περιοδικό βιντεοπαιχνιδιών.[CR]Με αυτό το πρόσθετο να δείτε τα πιο πρόσφατα ή δημοφιλή βίντεο, κριτικές παιχνιδιών ή να βρείτε παιχνίδια τα οποία σας ενδιαφέρουν.[CR]Μπορείτε, επίσης, να φιλτράρετε τα βίντεο ανά παιχνιδομηχανή στις ρυθμίσεις του πρόσθετου.</description>
        <description lang="en">4Players is a german video-game magazine.[CR]With this add-on you can browse latest- or popular-videos, game reviews or browse videos by games you are interested in.[CR]You can also filter the videos by platforms in the add-on settings.</description>
        <description lang="es">4Players es una revista alemana de videojuegos.[CR]Con este complemento puede explorar los últimos o los más populares vídeos y críticas de juegos, o buscar los vídeos de los juegos en los que esté interesado.[CR]También puede filtrar los vídeos según la plataforma, en los ajustes del complemento.</description>
        <description lang="fr">4Players et un magazine allemand de jeux vidéos.[CR]Avec cette extension vous pouvez naviguer entre les dernières  vidéos - ou populaires -, revues des jeux ou naviguer parmi les vidéos des jeux qui vous intéressent.[CR]Vous pouvez aussi filtrer les vidéos par plateformes dans les paramètres de l'extension.</description>
        <description lang="fr_CA">4Players est un magazine de jeux vidéo allemand.[CR]Avec cette extension vous pouver naviguer les dernières vidéos ou les vidéos les plus populaire, les critiques de jeu, ou naviguer les vidéos pour les jeux qui vous intéressent.[CR]Vous pouvez aussi filtrer les vidéos par plate-formes dans les configurations de l'extension.</description>
        <description lang="gl">4Players é unha revista de videoxogos alemán.[CR]Grazas a este complemento, pode navegar polos vídeos máis recentes ou populares, análises de xogos ou buscar vídeos entre os xogos que lle interesan.[CR]Tamén pode filtrar os vídeos por plataforma na configuración do complemento.</description>
        <description lang="he">4Players הוא מגזין משחקי וידאו גרמני.[CR]בעזרת הרחבה זו אפשר לצפות בסרטונים וביקורות עדכניים ופופולריים ולחפש סרטונים העוסקים משחקים שמעניינים אותך.[CR]בהגדרות ההרחבה ניתן לסנן את הסרטונים לפי פלטפורמות.</description>
        <description lang="hr">4Players je njemački magazin za video igre.[CR]Sa ovim dodatkom možete pregledavati najnovije- ili najpopularnije-video snimke, recenzije igara ili pregledavati video snimke koje vas zanimaju.[CR]Isto tako možete filtrirati video snimke prema platformi u postavkama dodatka.</description>
        <description lang="hu">4Players egy német videójáték újság.[CR]Ezzel a kiegészítővel böngészheti a legújabb vagy legnépszerűbb videókat, játékteszteket vagy érdeklődésére számot tartó játékvideókat.[CR]Szűrhetőek a videók platformokra a kiegészítő beállításaiban.</description>
        <description lang="it">4Player è un magazine tedesco sui video giochi.[CG]Con questo add-on puoi sfogliare gli ultimi o più popolari video, recensioni o sfogliare i video per giochi che ti interessano.[CR]Puoi anche filtrare i video per piattaforma nelle impostazioni dell'add-on.</description>
        <description lang="nl">4Players is een duits video-game tijdschrift.[CR]Met deze add-on kunt u de laatste- of populairste video's en game reviews bekijken. Ook kunt u video's bekijken voor games waarin u bent geïnteresseerd.[CR]U kunt de video's ook filteren op platform in de add-on instellingen.</description>
        <description lang="pl">4Players jest niemieckim magazynem o grach.[CR]Ta wtyczka umożliwia przeglądanie najnowszych lub popularnych wideo, recenzji gier, lub przeglądanie wideo dotyczących gier, którymi się interesujesz.[CR]Można również użyć filtru.</description>
        <description lang="pt">4Players é uma revista de vídeojogos alemã.[CR]Com este add-on, pode navegar por vídeos recentes ou populares, análises de jogos ou procurar vídeos dos jogos que quiser.[CR]Pode também filtrar os vídeos por plataforma, nas definições do add-on.</description>
        <description lang="pt_BR">4Players é uma revista de jogos alemã.[CR]Com este addon você pode navegar nos vídeos mais populares, reviews de jogos ou procurar pelos vídeos de games que mais te interessam.[CR]Você também pode filtrar os vídeos por plataformas nos ajustes do addon.</description>
        <description lang="sv">4Players är ett tyskt videospelsmagasin.[CR]Med detta tillägg kan du bläddra bland dom senaste eller populäraste videorna, spelrecensioner eller bläddra bland videor för spelen du är intresserad av.[CR]Du kan också filtrera videorna efter plattformar i tilläggsinställningarna.</description>
        <description lang="zh">4Players是一个德国视频游戏杂志。[CR]通过此插件，你可以浏览最近或最热门视频、游戏评论，或按你感兴趣的游戏浏览视频。[CR]你还可以在插件设置中按平台筛选视频。</description>
    </extension>
</addon>